residue,predus,ispred,dockpred,annotated,protein,randomforest,logisticregresion,linearregression,predus_bin,ispred_bin,dockpred_bin,logisticregresion_bin,linearregression_bin,randomforest_bin
2_1ACB.E,0.0,0.0,0.01764,0,1ACB.E,0.0,0.028730976669622564,-0.015184560978565824,0,0,0,0,0,0
3_1ACB.E,0.0,0.17,0.05572,0,1ACB.E,0.0,0.040520100390235,0.03638941107081634,0,0,0,0,0,0
4_1ACB.E,0.0,0.0,0.03469,0,1ACB.E,0.0,0.02917340110370367,-0.013069056238880106,0,0,0,0,0,0
5_1ACB.E,0.0,0.15,0.04091,0,1ACB.E,0.0,0.038567508283518084,0.029040174451116015,0,0,0,0,0,0
6_1ACB.E,0.0,0.16,0.02098,0,1ACB.E,0.0,0.038585322817099546,0.029323160968631336,0,0,0,0,0,0
7_1ACB.E,0.0,0.08,0.04485,0,1ACB.E,0.0,0.03407548886711122,0.01023821442621007,0,0,0,0,0,0
8_1ACB.E,0.0,0.06,0.02098,0,1ACB.E,0.0,0.03216163850649406,0.0017648444961547473,0,0,0,0,0,0
9_1ACB.E,0.0,0.02,0.02447,0,1ACB.E,0.0,0.029986224694799828,-0.008825455022953003,0,0,0,0,0,0
10_1ACB.E,0.0,0.0,0.02393,0,1ACB.E,0.0,0.028893430565352242,-0.01440411964058206,0,0,0,0,0,0
11_1ACB.E,0.0,0.02,0.03195,0,1ACB.E,0.0,0.030187695462986913,-0.007897362621026366,0,0,0,0,0,0
12_1ACB.E,0.0,0.05,0.03206,0,1ACB.E,0.0,0.03189350962616209,0.00038378073839200055,0,0,0,0,0,0
13_1ACB.E,0.0,0.29,0.03682,0,1ACB.E,0.0,0.049475813926106296,0.0671143445281073,0,0,0,0,0,0
16_1ACB.E,0.0,0.0,0.00016,0,1ACB.E,0.0,0.028284155987873955,-0.01735341862370989,0,0,0,0,0,0
17_1ACB.E,0.035,0.0,0.01147,0,1ACB.E,0.0,0.029483290653108906,-0.0072829606656,0,0,0,0,0,0
18_1ACB.E,0.0,0.05,0.02955,0,1ACB.E,0.0,0.03182205519664912,7.234866234442569e-05,0,0,0,0,0,0
19_1ACB.E,0.0,0.19,0.00601,0,1ACB.E,0.0,0.04020516465268176,0.035733230341277816,0,0,0,0,0,0
20_1ACB.E,0.0,0.03,0.01103,0,1ACB.E,0.0,0.030175008471987633,-0.007737211862589568,0,0,0,0,0,0
21_1ACB.E,0.0,0.02,0.00994,0,1ACB.E,0.0,0.02959858272211297,-0.010628286921347927,0,0,0,0,0,0
22_1ACB.E,0.0,0.0,0.00442,0,1ACB.E,0.0,0.02839242364100203,-0.016824852630099266,0,0,0,0,0,0
23_1ACB.E,0.0,0.03,0.01529,0,1ACB.E,0.0,0.030290288414767216,-0.007208645868978944,0,0,0,0,0,0
24_1ACB.E,0.0,0.01,0.01207,0,1ACB.E,0.0,0.029116738049807148,-0.013119835571790273,0,0,0,0,0,0
25_1ACB.E,0.0,0.07,0.00251,0,1ACB.E,0.0,0.0322185848912506,0.002228982739179819,0,0,0,0,0,0
26_1ACB.E,0.0,0.0,0.00066,0,1ACB.E,0.0,0.02829684266740495,-0.01729138036154902,0,0,0,0,0,0
27_1ACB.E,0.0,0.0,0.00082,0,1ACB.E,0.0,0.028300903571572892,-0.01727152811765754,0,0,0,0,0,0
28_1ACB.E,0.0,0.0,0.00464,0,1ACB.E,0.0,0.028398025840122097,-0.01679755579474848,0,0,0,0,0,0
29_1ACB.E,0.0,0.0,0.00262,0,1ACB.E,0.0,0.028346627748572974,-0.0170481903738784,0,0,0,0,0,0
30_1ACB.E,0.0,0.0,0.0,0,1ACB.E,0.0,0.028280097416881558,-0.01737327086760137,0,0,0,0,0,0
31_1ACB.E,0.0,0.0,0.0,0,1ACB.E,0.0,0.028280097416881558,-0.01737327086760137,0,0,0,0,0,0
32_1ACB.E,0.0,0.0,0.00262,0,1ACB.E,0.0,0.028346627748572974,-0.0170481903738784,0,0,0,0,0,0
33_1ACB.E,0.0,0.0,0.00918,0,1ACB.E,0.0,0.028513874701608422,-0.01623424837432777,0,0,0,0,0,0
34_1ACB.E,0.0,0.0,0.06145,0,1ACB.E,0.0,0.02988114068337038,-0.009748768448030267,0,0,0,0,0,0
35_1ACB.E,0.0,0.32,0.63932,0,1ACB.E,0.0,0.08764008081975959,0.1501379453737004,0,0,1,0,0,0
36_1ACB.E,0.0,0.65,0.1743,0,1ACB.E,0.51,0.10441430581093,0.1833823243927762,0,1,0,1,1,1
37_1ACB.E,0.0,0.82,0.51652,0,1ACB.E,0.43,0.18058988231100917,0.27269293054937327,0,1,1,1,1,1
38_1ACB.E,0.0,0.43,0.13891,0,1ACB.E,0.0,0.06932908762881121,0.11836295995758125,0,0,0,0,0,0
39_1ACB.E,0.0,0.98,1.0,1,1ACB.E,0.36,0.3177580931023246,0.3767747548844121,0,1,1,1,1,1
40_1ACB.E,0.121,0.0,0.40438,0,1ACB.E,0.0,0.045133760012144655,0.06276437828424641,1,0,1,0,0,0
41_1ACB.E,0.112,0.99,0.85902,1,1ACB.E,0.18,0.316062564037204,0.3897731660304795,1,1,1,1,1,1
42_1ACB.E,0.0,0.0,0.38898,0,1ACB.E,0.0,0.040006620905849936,0.030890015563070194,0,0,1,0,0,0
43_1ACB.E,0.0,0.0,0.00344,0,1ACB.E,0.0,0.028367481421847272,-0.016946447623934574,0,0,0,0,0,0
44_1ACB.E,0.0,0.0,0.0,0,1ACB.E,0.0,0.028280097416881558,-0.01737327086760137,0,0,0,0,0,0
45_1ACB.E,0.0,0.0,0.0,0,1ACB.E,0.0,0.028280097416881558,-0.01737327086760137,0,0,0,0,0,0
46_1ACB.E,0.0,0.0,0.00115,0,1ACB.E,0.0,0.028309280973437958,-0.017230582864631364,0,0,0,0,0,0
47_1ACB.E,0.0,0.0,0.03387,0,1ACB.E,0.0,0.02915197275331675,-0.013170798988823937,0,0,0,0,0,0
48_1ACB.E,0.0,0.17,0.04326,0,1ACB.E,0.0,0.04007533427232253,0.034843417577767426,0,0,0,0,0,0
49_1ACB.E,0.0,0.25,0.0537,0,1ACB.E,0.0,0.04673265645606387,0.058185429669667686,0,0,0,0,0,0
50_1ACB.E,0.0,0.11,0.02098,0,1ACB.E,0.0,0.0352327008851736,0.015544002732393043,0,0,0,0,0,0
51_1ACB.E,0.0,0.0,0.01748,0,1ACB.E,0.0,0.028726855878555578,-0.015204413222457303,0,0,0,0,0,0
52_1ACB.E,0.0,0.0,0.0,0,1ACB.E,0.0,0.028280097416881558,-0.01737327086760137,0,0,0,0,0,0
53_1ACB.E,0.0,0.0,0.0,0,1ACB.E,0.0,0.028280097416881558,-0.01737327086760137,0,0,0,0,0,0
54_1ACB.E,0.0,0.0,0.00055,0,1ACB.E,0.0,0.028294051123963784,-0.01730502877922441,0,0,0,0,0,0
55_1ACB.E,0.0,0.0,0.00683,0,1ACB.E,0.0,0.02845385172527689,-0.016525828206483864,0,0,0,0,0,0
56_1ACB.E,0.0,0.0,0.1028,0,1ACB.E,0.0,0.031007580445240504,-0.004618204167326195,0,0,0,0,0,0
57_1ACB.E,0.0,0.97,0.6704,1,1ACB.E,0.42,0.25214781758881083,0.33312330082071795,0,1,1,1,1,1
58_1ACB.E,0.0,0.0,0.58371,1,1ACB.E,0.0,0.04750970274957296,0.05505143714424319,0,0,1,0,0,0
59_1ACB.E,0.0,0.78,0.48834,0,1ACB.E,0.22,0.16605215671290016,0.25817312750499594,0,1,1,1,1,1
60_1ACB.E,0.0,0.0,0.13722,0,1ACB.E,0.0,0.031976488366951536,-0.00034749020017180166,0,0,0,0,0,0
61_1ACB.E,0.0,0.11,0.26979,0,1ACB.E,0.0,0.043928849565625684,0.0464154827488859,0,0,1,0,0,0
62_1ACB.E,0.0,0.06,0.04004,0,1ACB.E,0.0,0.032713770239724826,0.0041297430497271685,0,0,0,0,0,0
63_1ACB.E,0.0,0.02,0.13711,0,1ACB.E,0.0,0.03316266267903685,0.005150524676648123,0,0,0,0,0,0
64_1ACB.E,0.0,0.0,0.28907,0,1ACB.E,0.0,0.03661136497469196,0.01849353001808486,0,0,1,0,0,0
65_1ACB.E,0.0,0.0,0.00213,0,1ACB.E,0.0,0.028334173511896488,-0.017108987870796056,0,0,0,0,0,0
66_1ACB.E,0.0,0.0,0.0,0,1ACB.E,0.0,0.028280097416881558,-0.01737327086760137,0,0,0,0,0,0
67_1ACB.E,0.0,0.0,0.00066,0,1ACB.E,0.0,0.02829684266740495,-0.01729138036154902,0,0,0,0,0,0
68_1ACB.E,0.0,0.0,0.0,0,1ACB.E,0.0,0.028280097416881558,-0.01737327086760137,0,0,0,0,0,0
69_1ACB.E,0.0,0.02,0.00164,0,1ACB.E,0.0,0.029379334048537778,-0.011658122073218393,0,0,0,0,0,0
70_1ACB.E,0.0,0.0,0.0094,0,1ACB.E,0.0,0.028519500161212494,-0.016206951538976985,0,0,0,0,0,0
71_1ACB.E,0.0,0.0,0.00737,0,1ACB.E,0.0,0.02846763337612144,-0.016458826883350125,0,0,0,0,0,0
72_1ACB.E,0.0,0.0,0.01273,0,1ACB.E,0.0,0.028604780831822545,-0.015793776712985583,0,0,0,0,0,0
73_1ACB.E,0.0,0.33,0.10084,0,1ACB.E,0.0,0.05620323286016668,0.08608105020417592,0,0,0,0,0,0
74_1ACB.E,0.0,0.75,0.05397,0,1ACB.E,0.17,0.11190596026825222,0.19601051269361747,0,1,0,1,1,1
75_1ACB.E,0.0,0.88,0.02332,0,1ACB.E,0.28,0.13536591971716083,0.2280333786373756,0,1,0,1,1,1
76_1ACB.E,0.0,0.52,0.02229,0,1ACB.E,0.0,0.07345428893196324,0.12869564051640853,0,0,0,0,0,0
77_1ACB.E,0.0,0.42,0.01114,0,1ACB.E,0.0,0.06100534154781177,0.0997538707977445,0,0,0,0,0,0
78_1ACB.E,0.0,0.1,0.00912,0,1ACB.E,0.0,0.03423292696779689,0.011316623506689511,0,0,0,0,0,0
79_1ACB.E,0.0,0.05,0.01065,0,1ACB.E,0.0,0.03128896262282156,-0.002272697647336515,0,0,0,0,0,0
80_1ACB.E,0.0,0.04,0.00497,0,1ACB.E,0.0,0.03056614354139212,-0.005733283952731672,0,0,0,0,0,0
81_1ACB.E,0.0,0.02,0.00366,0,1ACB.E,0.0,0.029432547922292194,-0.011407487494088472,0,0,0,0,0,0
82_1ACB.E,0.0,0.09,0.01639,0,1ACB.E,0.0,0.03383299446751765,0.009462828191260923,0,0,0,0,0,0
83_1ACB.E,0.0,0.0,0.00158,0,1ACB.E,0.0,0.028320200594446,-0.017177229959173014,0,0,0,0,0,0
84_1ACB.E,0.0,0.1,0.00393,0,1ACB.E,0.0,0.03407490555054881,0.010672666345459665,0,0,0,0,0,0
85_1ACB.E,0.0,0.0,0.00186,0,1ACB.E,0.0,0.02832731324353514,-0.017142488532362925,0,0,0,0,0,0
86_1ACB.E,0.0,0.04,0.00579,0,1ACB.E,0.0,0.030588578635907936,-0.005631541202787844,0,0,0,0,0,0
87_1ACB.E,0.0,0.35,0.02742,0,1ACB.E,0.0,0.05463214129408966,0.08248301508296887,0,0,0,0,0,0
88_1ACB.E,0.0,0.46,0.03616,0,1ACB.E,0.0,0.06690382052576493,0.11388159202526513,0,0,0,0,0,0
89_1ACB.E,0.0,0.67,0.02879,0,1ACB.E,0.17,0.09572402076259923,0.17083961263321473,0,1,0,0,0,1
90_1ACB.E,0.0,0.67,0.18031,0,1ACB.E,0.79,0.10853314693472316,0.1896396875984452,0,1,0,1,1,1
91_1ACB.E,0.0,0.0,0.02098,0,1ACB.E,0.0,0.028817129267403457,-0.014770145387331202,0,0,0,0,0,0
92_1ACB.E,0.0,0.59,0.03895,0,1ACB.E,0.0,0.08414680399309518,0.15005357694234236,0,0,0,0,0,0
93_1ACB.E,0.0,0.77,0.02207,0,1ACB.E,0.16,0.11273427264559265,0.1975641348622492,0,1,0,1,1,1
94_1ACB.E,0.085,0.68,0.33468,0,1ACB.E,0.19,0.13400893329181052,0.23259801115617268,1,1,1,1,1,1
95_1ACB.E,0.085,0.42,0.0473,0,1ACB.E,0.0,0.0677366983499288,0.12528927676815108,1,0,0,0,0,0
96_1ACB.E,0.051,0.85,0.45403,0,1ACB.E,0.45,0.18750322959509652,0.28583616279680996,0,1,1,1,1,1
97_1ACB.E,0.112,0.95,0.39946,0,1ACB.E,0.2,0.21898312067647127,0.32172923192418873,1,1,1,1,1,1
98_1ACB.E,0.2,0.95,0.09532,0,1ACB.E,0.22,0.1867804625849004,0.3057842954508803,1,1,0,1,1,1
99_1ACB.E,0.2,0.47,0.33992,0,1ACB.E,0.0,0.10420657191276425,0.203853494232091,1,0,1,1,1,0
100_1ACB.E,0.084,0.56,0.00126,0,1ACB.E,0.0,0.08308536512959702,0.15791080372218727,0,0,0,0,0,0
101_1ACB.E,0.0,0.24,0.00158,0,1ACB.E,0.0,0.043837655703511065,0.04896272957477079,0,0,0,0,0,0
102_1ACB.E,0.0,0.0,0.02627,0,1ACB.E,0.0,0.028954093682364124,-0.014113780573669181,0,0,0,0,0,0
103_1ACB.E,0.0,0.0,0.00011,0,1ACB.E,0.0,0.02828288762369494,-0.017359622449925977,0,0,0,0,0,0
104_1ACB.E,0.0,0.0,0.01218,0,1ACB.E,0.0,0.028590678391801225,-0.01586201880136254,0,0,0,0,0,0
105_1ACB.E,0.0,0.0,0.00055,0,1ACB.E,0.0,0.028294051123963784,-0.01730502877922441,0,0,0,0,0,0
106_1ACB.E,0.0,0.0,0.00011,0,1ACB.E,0.0,0.02828288762369494,-0.017359622449925977,0,0,0,0,0,0
107_1ACB.E,0.0,0.06,0.00869,0,1ACB.E,0.0,0.03181040943546617,0.00023994401224052692,0,0,0,0,0,0
108_1ACB.E,0.0,0.0,0.00131,0,1ACB.E,0.0,0.02831334361062588,-0.017210730620739887,0,0,0,0,0,0
109_1ACB.E,0.0,0.04,0.00415,0,1ACB.E,0.0,0.03054372438336997,-0.005835026702675501,0,0,0,0,0,0
110_1ACB.E,0.0,0.08,0.00557,0,1ACB.E,0.0,0.03290211624998092,0.005364488550852007,0,0,0,0,0,0
111_1ACB.E,0.0,0.04,0.01125,0,1ACB.E,0.0,0.030738370649619692,-0.004954083379991127,0,0,0,0,0,0
112_1ACB.E,0.0,0.0,0.01071,0,1ACB.E,0.0,0.028553019527848566,-0.016044411292115503,0,0,0,0,0,0
113_1ACB.E,0.0,0.24,0.01759,0,1ACB.E,0.0,0.04446124786702676,0.050949194729161894,0,0,0,0,0,0
114_1ACB.E,0.0,0.47,0.05539,0,1ACB.E,0.0,0.06922681942926819,0.11902341523521992,0,0,0,0,0,0
115_1ACB.E,0.0,0.06,0.036,0,1ACB.E,0.0,0.032595979461474835,0.003628473891467327,0,0,0,0,0,0
116_1ACB.E,0.0,0.07,0.04042,0,1ACB.E,0.0,0.03332765952898547,0.006932723776217092,0,0,0,0,0,0
117_1ACB.E,0.0,0.03,0.00606,0,1ACB.E,0.0,0.030041052427658567,-0.008353872188468631,0,0,0,0,0,0
118_1ACB.E,0.0,0.0,0.0059,0,1ACB.E,0.0,0.02843013184038628,-0.016641219374103084,0,0,0,0,0,0
119_1ACB.E,0.0,0.03,0.03501,0,1ACB.E,0.0,0.030829513163295234,-0.004761856809354172,0,0,0,0,0,0
120_1ACB.E,0.0,0.0,0.03638,0,1ACB.E,0.0,0.029217612612033293,-0.012859366912776362,0,0,0,0,0,0
121_1ACB.E,0.0,0.0,0.01868,0,1ACB.E,0.0,0.028757775797093474,-0.015055521393271211,0,0,0,0,0,0
122_1ACB.E,0.0,0.0,0.04009,0,1ACB.E,0.0,0.029314896676343,-0.012399043007542694,0,0,0,0,0,0
123_1ACB.E,0.0,0.08,0.03561,0,1ACB.E,0.0,0.03379589140060889,0.009091747341477163,0,0,0,0,0,0
124_1ACB.E,0.0,0.0,0.02092,0,1ACB.E,0.0,0.02881557940709211,-0.014777589978790508,0,0,0,0,0,0
125_1ACB.E,0.0,0.05,0.02414,0,1ACB.E,0.0,0.031668569972646804,-0.0005989053342362015,0,0,0,0,0,0
126_1ACB.E,0.0,0.1,0.00798,0,1ACB.E,0.0,0.0341981565940269,0.011175176268962726,0,0,0,0,0,0
127_1ACB.E,0.0,0.04,0.00819,0,1ACB.E,0.0,0.03065433400724232,-0.00533375754441566,0,0,0,0,0,0
128_1ACB.E,0.0,0.03,0.01229,0,1ACB.E,0.0,0.03020906101423022,-0.007580875441944173,0,0,0,0,0,0
129_1ACB.E,0.0,0.06,0.00792,0,1ACB.E,0.0,0.031788527950099815,0.0001444050885127876,0,0,0,0,0,0
130_1ACB.E,0.0,0.0,0.00612,0,1ACB.E,0.0,0.028435741262077,-0.016613922538752303,0,0,0,0,0,0
131_1ACB.E,0.0,0.04,0.01054,0,1ACB.E,0.0,0.030718852098642058,-0.005042177712259564,0,0,0,0,0,0
132_1ACB.E,0.0,0.06,0.02212,0,1ACB.E,0.0,0.0321944073083129,0.0019062917338815363,0,0,0,0,0,0
133_1ACB.E,0.0,0.21,0.03436,0,1ACB.E,0.0,0.04274548562664355,0.044762463100294546,0,0,0,0,0,0
134_1ACB.E,0.0,0.04,0.01961,0,1ACB.E,0.0,0.03096909971153979,-0.0039168036366613555,0,0,0,0,0,0
135_1ACB.E,0.0,0.03,0.02988,0,1ACB.E,0.0,0.03068835025661676,-0.005398369379124714,0,0,0,0,0,0
136_1ACB.E,0.0,0.0,0.00147,0,1ACB.E,0.0,0.02831740681384812,-0.017190878376848406,0,0,0,0,0,0
137_1ACB.E,0.0,0.0,0.00011,0,1ACB.E,0.0,0.02828288762369494,-0.017359622449925977,0,0,0,0,0,0
138_1ACB.E,0.0,0.0,0.0,0,1ACB.E,0.0,0.028280097416881558,-0.01737327086760137,0,0,0,0,0,0
139_1ACB.E,0.0,0.0,0.0,0,1ACB.E,0.0,0.028280097416881558,-0.01737327086760137,0,0,0,0,0,0
140_1ACB.E,0.0,0.0,5e-05,0,1ACB.E,0.0,0.02828136565957378,-0.01736706704138528,0,0,0,0,0,0
141_1ACB.E,0.0,0.0,0.06549,0,1ACB.E,0.84,0.02998942508266271,-0.009247499289770424,0,0,0,0,0,1
142_1ACB.E,0.0,0.0,0.04293,0,1ACB.E,0.0,0.029389579701875786,-0.012046665678468946,0,0,0,0,0,0
143_1ACB.E,0.093,0.0,0.5481,0,1ACB.E,0.0,0.04996664119826167,0.07366293438534252,1,0,1,0,0,0
144_1ACB.E,0.085,0.05,0.01284,0,1ACB.E,0.0,0.03382339135978629,0.019047828791860476,0,0,0,0,0,0
145_1ACB.E,0.139,0.52,0.16901,0,1ACB.E,0.0,0.09355076524724451,0.18132112510936052,1,0,0,0,0,0
146_1ACB.E,0.455,0.98,0.87737,1,1ACB.E,0.35,0.3876615241352867,0.47423223279123944,1,1,1,1,1,1
149_1ACB.E,0.02,0.9,0.64079,0,1ACB.E,0.4,0.22649970167506234,0.31511123195797813,0,1,1,1,1,1
150_1ACB.E,0.085,0.46,0.18408,0,1ACB.E,0.02,0.0816425041566264,0.15328379035386971,0,0,0,0,0,0
151_1ACB.E,0.085,0.38,0.44087,0,1ACB.E,0.04,0.08832781061131463,0.1630987478564688,1,0,1,0,0,0
152_1ACB.E,0.084,0.0,0.04244,0,1ACB.E,0.0,0.031670859279670754,0.008693702747887746,0,0,0,0,0,0
153_1ACB.E,0.112,0.14,0.08696,0,1ACB.E,0.0,0.04356455131237014,0.05973295464658376,1,0,0,0,0,0
154_1ACB.E,0.0,0.04,0.0124,0,1ACB.E,0.0,0.030770010684111095,-0.004811395377021122,0,0,0,0,0,0
155_1ACB.E,0.0,0.0,0.0,0,1ACB.E,0.0,0.028280097416881558,-0.01737327086760137,0,0,0,0,0,0
156_1ACB.E,0.0,0.0,0.00158,0,1ACB.E,0.0,0.028320200594446,-0.017177229959173014,0,0,0,0,0,0
157_1ACB.E,0.0,0.0,0.00071,0,1ACB.E,0.0,0.028298111639181774,-0.01728517653533293,0,0,0,0,0,0
158_1ACB.E,0.0,0.0,0.0018,0,1ACB.E,0.0,0.02832578895846182,-0.017149933123822233,0,0,0,0,0,0
159_1ACB.E,0.0,0.02,0.01289,0,1ACB.E,0.0,0.029676889906747893,-0.010262261174598785,0,0,0,0,0,0
160_1ACB.E,0.0,0.0,0.00792,0,1ACB.E,0.0,0.028481676903306878,-0.016390584794973163,0,0,0,0,0,0
161_1ACB.E,0.0,0.03,0.0313,0,1ACB.E,0.0,0.030727361822885924,-0.00522218071458784,0,0,0,0,0,0
162_1ACB.E,0.0,0.0,0.01502,0,1ACB.E,0.0,0.028663570871319186,-0.01550964147228879,0,0,0,0,0,0
163_1ACB.E,0.0,0.0,0.02682,0,1ACB.E,0.0,0.028968370032515404,-0.014045538485292223,0,0,0,0,0,0
164_1ACB.E,0.009,0.08,0.01196,0,1ACB.E,0.0,0.0333572276197774,0.008386033890190197,0,0,0,0,0,0
165_1ACB.E,0.051,0.06,0.00109,0,1ACB.E,0.0,0.033068138346375106,0.011926241737954705,0,0,0,0,0,0
166_1ACB.E,0.035,0.41,0.01409,0,1ACB.E,0.02,0.06193791527992573,0.10603121736527696,0,0,0,0,0,0
167_1ACB.E,0.035,0.22,0.04293,0,1ACB.E,0.0,0.04523032558527708,0.05724878302901052,0,0,0,0,0,0
168_1ACB.E,0.0,0.0,0.00306,0,1ACB.E,0.0,0.028357815673406506,-0.016993596703176836,0,0,0,0,0,0
169_1ACB.E,0.186,0.31,0.04026,0,1ACB.E,0.0,0.06049125594089303,0.11911255561066261,1,0,0,0,0,0
170_1ACB.E,0.084,0.11,0.10914,0,1ACB.E,0.0,0.0410527382387402,0.047283755039872234,0,0,0,0,0,0
171_1ACB.E,0.181,0.08,0.1542,0,1ACB.E,0.0,0.0440892141787603,0.06862754226689571,1,0,0,0,0,0
172_1ACB.E,0.299,0.48,0.23947,0,1ACB.E,0.0,0.10585842468145414,0.21866149884936437,1,0,1,1,1,0
173_1ACB.E,0.111,0.21,0.05632,0,1ACB.E,0.0,0.04806036677762082,0.07497443854444111,1,0,0,0,0,0
174_1ACB.E,0.141,0.53,0.04922,0,1ACB.E,0.0,0.08620529281552328,0.16970909576342263,1,0,0,0,0,0
175_1ACB.E,0.185,0.94,0.25471,0,1ACB.E,0.13,0.2047809805747992,0.3190905271004048,1,1,1,1,1,1
176_1ACB.E,0.04,0.0,0.00038,0,1ACB.E,0.0,0.029322925605328252,-0.00742080468203799,0,0,0,0,0,0
177_1ACB.E,0.04,0.86,0.01065,0,1ACB.E,0.08,0.1339082326455006,0.23085498288604495,0,1,0,1,1,1
178_1ACB.E,0.0,0.56,0.00131,0,1ACB.E,0.0,0.07736766744709796,0.13711584162512902,0,0,0,0,0,0
179_1ACB.E,0.0,0.0,0.00033,0,1ACB.E,0.0,0.028288468839178245,-0.017332325614575195,0,0,0,0,0,0
180_1ACB.E,0.0,0.0,0.00437,0,1ACB.E,0.0,0.02839115056356314,-0.01683105645631535,0,0,0,0,0,0
181_1ACB.E,0.0,0.0,0.00038,0,1ACB.E,0.0,0.02828973744636363,-0.017326121788359107,0,0,0,0,0,0
182_1ACB.E,0.0,0.0,0.0,0,1ACB.E,0.0,0.028280097416881558,-0.01737327086760137,0,0,0,0,0,0
183_1ACB.E,0.0,0.0,0.00016,0,1ACB.E,0.0,0.028284155987873955,-0.01735341862370989,0,0,0,0,0,0
184_1ACB.E,0.0,0.0,0.02136,0,1ACB.E,0.0,0.02882694692790075,-0.01472299630808894,0,0,0,0,0,0
185_1ACB.E,0.0,0.2,0.05146,0,1ACB.E,0.0,0.042619128082178846,0.04412834001894869,0,0,0,0,0,0
186_1ACB.E,0.0,0.11,0.04725,0,1ACB.E,0.0,0.03606624761417742,0.01880349302632523,0,0,0,0,0,0
187_1ACB.E,0.0,0.1,0.039,0,1ACB.E,0.0,0.03515652906037282,0.01502403005342319,0,0,0,0,0,0
188_1ACB.E,0.0,0.0,0.00945,0,1ACB.E,0.0,0.028520778824988383,-0.016200747712760897,0,0,0,0,0,0
189_1ACB.E,0.178,0.0,0.00262,0,1ACB.E,0.0,0.03324203268820146,0.02703047074925056,1,0,0,0,0,0
190_1ACB.E,0.186,0.0,0.02163,0,1ACB.E,0.0,0.03405269921342821,0.031370228897871125,1,0,0,0,0,0
191_1ACB.E,0.494,0.0,0.14683,1,1ACB.E,0.04,0.04996168804702079,0.12317555146162593,1,0,0,0,0,0
192_1ACB.E,1.0,0.19,0.90058,1,1ACB.E,0.62,0.19408565098977507,0.3943612943618073,1,0,1,1,1,1
193_1ACB.E,0.141,0.64,0.46594,1,1ACB.E,0.06,0.14571527778644777,0.25172841309850363,1,1,1,1,1,0
194_1ACB.E,0.0,0.0,0.02474,0,1ACB.E,0.0,0.028914415368602526,-0.01430361765588145,0,0,0,0,0,0
195_1ACB.E,0.126,0.46,0.31971,1,1ACB.E,0.0,0.09473083811816538,0.18026523938160685,1,0,1,0,0,0
196_1ACB.E,0.0,0.0,0.00268,0,1ACB.E,0.0,0.028348153122320256,-0.017040745782419098,0,0,0,0,0,0
197_1ACB.E,0.0,0.0,5e-05,0,1ACB.E,0.0,0.02828136565957378,-0.01736706704138528,0,0,0,0,0,0
198_1ACB.E,0.0,0.0,0.0,0,1ACB.E,0.0,0.028280097416881558,-0.01737327086760137,0,0,0,0,0,0
199_1ACB.E,0.0,0.0,0.0,0,1ACB.E,0.0,0.028280097416881558,-0.01737327086760137,0,0,0,0,0,0
200_1ACB.E,0.0,0.0,0.0,0,1ACB.E,0.0,0.028280097416881558,-0.01737327086760137,0,0,0,0,0,0
201_1ACB.E,0.0,0.0,0.00279,0,1ACB.E,0.0,0.02835094984782644,-0.017027097364743705,0,0,0,0,0,0
202_1ACB.E,0.0,0.52,0.03239,0,1ACB.E,0.0,0.0740912802278681,0.1299488134120581,0,0,0,0,0,0
203_1ACB.E,0.0,0.27,0.02054,0,1ACB.E,0.0,0.04705197840637347,0.05958271541765401,0,0,0,0,0,0
204_1ACB.E,0.0,0.14,0.04031,0,1ACB.E,0.0,0.03785348591298339,0.026209896889275316,0,0,0,0,0,0
205_1ACB.E,0.0,0.08,0.03643,0,1ACB.E,0.0,0.03382061437938869,0.009193490091420994,0,0,0,0,0,0
206_1ACB.E,0.0,0.22,0.02305,0,1ACB.E,0.0,0.04309203074394698,0.04611498925746329,0,0,0,0,0,0
207_1ACB.E,0.0,0.0,0.01437,0,1ACB.E,0.0,0.0286468718340927,-0.015590291213097922,0,0,0,0,0,0
208_1ACB.E,0.0,0.0,0.00847,0,1ACB.E,0.0,0.028495727155183215,-0.016322342706596205,0,0,0,0,0,0
209_1ACB.E,0.0,0.0,5e-05,0,1ACB.E,0.0,0.02828136565957378,-0.01736706704138528,0,0,0,0,0,0
210_1ACB.E,0.0,0.0,0.00011,0,1ACB.E,0.0,0.02828288762369494,-0.017359622449925977,0,0,0,0,0,0
211_1ACB.E,0.0,0.0,0.0,0,1ACB.E,0.0,0.028280097416881558,-0.01737327086760137,0,0,0,0,0,0
212_1ACB.E,0.0,0.0,0.0,0,1ACB.E,0.0,0.028280097416881558,-0.01737327086760137,0,0,0,0,0,0
213_1ACB.E,0.0,0.0,0.02136,0,1ACB.E,0.0,0.02882694692790075,-0.01472299630808894,0,0,0,0,0,0
214_1ACB.E,0.0,0.0,0.18059,1,1ACB.E,0.01,0.033239076445594234,0.005033708659662187,0,0,0,0,0,0
215_1ACB.E,0.141,0.64,0.32321,1,1ACB.E,0.0,0.13006892056833674,0.23401897078206124,1,1,1,1,1,0
216_1ACB.E,0.186,0.88,0.30955,1,1ACB.E,0.0,0.19491409367886423,0.3096075267383813,1,1,1,1,1,0
217_1ACB.E,0.186,0.0,0.30229,0,1ACB.E,0.0,0.04368212979656204,0.0661935462140115,1,0,1,0,0,0
218_1ACB.E,0.186,0.64,0.77582,1,1ACB.E,0.26,0.19138433928724052,0.30132072819993655,1,1,1,1,1,1
219_1ACB.E,0.111,0.52,0.339,0,1ACB.E,0.0,0.10527086092709179,0.19547917150438882,1,0,1,1,1,0
220_1ACB.E,0.0,0.0,0.11438,0,1ACB.E,0.81,0.03133033773047922,-0.0031813980156804138,0,0,0,0,0,1
221_1ACB.E,0.052,0.46,0.09068,0,1ACB.E,0.0,0.07331043683872146,0.13352315636950401,0,0,0,0,0,0
222_1ACB.E,0.0,0.34,0.04998,0,1ACB.E,0.0,0.05473279431710826,0.08252634982441973,0,0,0,0,0,0
223_1ACB.E,0.0,0.37,0.10652,0,1ACB.E,0.0,0.06064301024972799,0.09780913145131406,0,0,0,0,0,0
224_1ACB.E,0.024,0.04,0.09745,0,1ACB.E,0.0,0.03391810198605745,0.011684503280335781,0,0,0,0,0,0
225_1ACB.E,0.0,0.0,0.00568,0,1ACB.E,0.0,0.028424523492873253,-0.01666851620945387,0,0,0,0,0,0
226_1ACB.E,0.085,0.0,0.00262,0,1ACB.E,0.0,0.03059026656050436,0.004000608477053972,0,0,0,0,0,0
227_1ACB.E,0.0,0.0,0.00361,0,1ACB.E,0.0,0.0283718066078822,-0.016925354614799878,0,0,0,0,0,0
228_1ACB.E,0.0,0.0,0.00033,0,1ACB.E,0.0,0.028288468839178245,-0.017332325614575195,0,0,0,0,0,0
229_1ACB.E,0.0,0.0,0.0,0,1ACB.E,0.0,0.028280097416881558,-0.01737327086760137,0,0,0,0,0,0
230_1ACB.E,0.0,0.02,0.0006,0,1ACB.E,0.0,0.029351973200993208,-0.011787161658513005,0,0,0,0,0,0
231_1ACB.E,0.0,0.0,0.0,0,1ACB.E,0.0,0.028280097416881558,-0.01737327086760137,0,0,0,0,0,0
232_1ACB.E,0.0,0.02,0.00066,0,1ACB.E,0.0,0.029353551039529576,-0.011779717067053701,0,0,0,0,0,0
233_1ACB.E,0.0,0.03,0.00137,0,1ACB.E,0.0,0.029915171786131515,-0.008935791087537606,0,0,0,0,0,0
234_1ACB.E,0.0,0.0,0.00066,0,1ACB.E,0.0,0.02829684266740495,-0.01729138036154902,0,0,0,0,0,0
235_1ACB.E,0.0,0.0,0.01169,0,1ACB.E,0.0,0.02857812008390206,-0.015922816298280195,0,0,0,0,0,0
236_1ACB.E,0.0,0.18,0.01087,0,1ACB.E,0.0,0.03965353581752546,0.03358041060223383,0,0,0,0,0,0
237_1ACB.E,0.0,0.63,0.0207,0,1ACB.E,0.08,0.08877901583902635,0.1588125069624612,0,1,0,0,0,1
238_1ACB.E,0.0,0.0,0.01049,0,1ACB.E,0.0,0.0285473876508505,-0.016071708127466285,0,0,0,0,0,0
239_1ACB.E,0.0,0.92,0.03354,0,1ACB.E,0.2,0.14561833166012045,0.24032476730493446,0,1,0,1,1,1
240_1ACB.E,0.0,0.89,0.02458,0,1ACB.E,0.28,0.13772846814443987,0.23094554670526868,0,1,0,1,1,1
241_1ACB.E,0.0,0.0,0.01808,0,1ACB.E,0.0,0.028742311803053037,-0.015129967307864256,0,0,0,0,0,0
242_1ACB.E,0.0,0.69,0.03081,0,1ACB.E,0.17,0.0992085552003583,0.17660191050683993,0,1,0,0,0,1
243_1ACB.E,0.0,0.46,0.0301,0,1ACB.E,0.0,0.06655548405827155,0.11312968828787537,0,0,0,0,0,0
244_1ACB.E,0.0,0.81,0.02507,0,1ACB.E,0.28,0.12080390985010077,0.20895969102420509,0,1,0,1,1,1
245_1ACB.E,0.0,0.71,0.03534,0,1ACB.E,0.17,0.10301939611125924,0.18267564045651277,0,1,0,0,0,1
8_1ACB.I,0.033,0.31,0.88669,0,1ACB.I,0.0,0.1088173271664049,0.1862468101606372,0,1,1,1,1,1
9_1ACB.I,0.047,0.06,0.49038,0,1ACB.I,0.0,0.05080413648557248,0.0716451126127082,0,1,0,0,0,1
10_1ACB.I,0.0,0.0,0.21734,0,1ACB.I,0.0,0.03434650320978154,0.00959352092848624,0,0,0,0,0,1
11_1ACB.I,0.0,0.02,0.24423,0,1ACB.I,0.0,0.03648333993778618,0.018441601961993223,0,0,0,0,0,1
12_1ACB.I,0.0,0.02,0.27352,0,1ACB.I,0.0,0.03744566953489916,0.022075803359377075,0,0,0,0,0,0
13_1ACB.I,0.0,0.0,0.01828,0,1ACB.I,0.0,0.028747465570922354,-0.015105152002999908,0,0,0,0,0,0
14_1ACB.I,0.0,0.06,0.10929,0,1ACB.I,0.0,0.03479789164235032,0.012722042359007868,0,1,0,0,0,0
15_1ACB.I,0.0,0.01,0.07053,0,1ACB.I,0.0,0.03068146505488895,-0.005866321959941183,0,0,0,0,0,0
16_1ACB.I,0.0,0.01,0.09341,0,1ACB.I,0.0,0.03131578603517667,-0.003027451083459703,0,0,0,0,0,0
17_1ACB.I,0.0,0.01,0.05972,0,1ACB.I,0.0,0.030386115232146068,-0.007207589187859222,0,0,0,0,0,0
18_1ACB.I,0.0,0.0,0.3319,0,1ACB.I,0.0,0.03803152829619505,0.023807727554785107,0,0,0,0,0,0
19_1ACB.I,0.0,0.02,0.40138,0,1ACB.I,0.0,0.04193941755714471,0.03794022775915513,0,0,0,0,0,0
20_1ACB.I,0.047,0.01,0.07159,0,1ACB.I,0.0,0.03202906537465582,0.005903946755767178,0,0,0,0,0,0
21_1ACB.I,0.0,0.0,0.00421,0,1ACB.I,0.0,0.028387077088137064,-0.01685090870020683,0,0,0,0,0,0
22_1ACB.I,0.07,0.01,0.7952,0,1ACB.I,0.61,0.06183651411046118,0.10138251785635824,0,0,1,1,1,1
23_1ACB.I,0.078,0.01,0.14193,0,1ACB.I,0.0,0.0350598178279924,0.022308110233957443,1,0,0,0,0,0
24_1ACB.I,0.049,0.01,0.19667,0,1ACB.I,0.0,0.03587214148472976,0.02191870427324684,0,0,0,0,0,0
25_1ACB.I,0.0,0.0,0.08613,0,1ACB.I,0.0,0.030548600610857585,-0.00668655982776965,0,0,0,0,0,0
26_1ACB.I,0.079,0.02,0.27476,0,1ACB.I,0.0,0.040209585971161164,0.04179265953452024,1,0,0,0,0,0
27_1ACB.I,0.049,0.31,0.21112,0,1ACB.I,0.0,0.06228911006605953,0.10638655946712577,0,1,0,1,1,0
28_1ACB.I,0.055,0.17,0.42176,0,1ACB.I,0.02,0.05863748577133328,0.09542619305473865,0,1,0,1,0,1
29_1ACB.I,0.031,0.03,0.45918,0,1ACB.I,0.0,0.04618407138162406,0.05554430326959838,0,0,0,0,0,0
30_1ACB.I,0.031,0.02,0.39994,0,1ACB.I,0.0,0.043049961487934614,0.04543817832153068,0,0,0,0,0,0
31_1ACB.I,0.086,0.02,0.61499,0,1ACB.I,0.0,0.05457213012080812,0.08574064589811303,1,0,1,0,0,0
32_1ACB.I,0.086,0.0,0.69758,0,1ACB.I,0.0,0.05659178635856288,0.09047646274735047,1,0,1,1,0,0
33_1ACB.I,0.168,0.05,0.65327,0,1ACB.I,0.0,0.06389782141879631,0.11906369025885061,1,1,1,1,1,0
34_1ACB.I,0.033,0.0,0.47593,0,1ACB.I,0.01,0.04448255824369912,0.049850355965560665,0,0,0,0,0,1
35_1ACB.I,0.078,0.02,0.90296,0,1ACB.I,0.28,0.06954463479282004,0.11948989918578112,1,0,1,1,1,1
36_1ACB.I,0.009,0.0,0.74974,0,1ACB.I,0.69,0.05537863453786814,0.07788055882630443,0,0,1,0,0,1
37_1ACB.I,0.0,0.04,0.64829,0,1ACB.I,0.0,0.05401136884850411,0.07408762567393198,0,0,1,0,0,0
38_1ACB.I,0.0,0.03,0.6057,0,1ACB.I,0.0,0.05111439078891958,0.0660473748558213,0,0,1,0,0,0
39_1ACB.I,0.0,0.02,0.33841,0,1ACB.I,0.0,0.039665263381236146,0.030127129022614975,0,0,0,0,0,0
40_1ACB.I,0.0,0.05,0.43909,0,1ACB.I,0.0,0.04577106224356274,0.05088664843307102,0,1,0,0,0,0
41_1ACB.I,0.0,0.35,0.71289,1,1ACB.I,0.44,0.09812231589602287,0.167533750209794,0,1,1,1,1,1
42_1ACB.I,0.166,0.96,0.69873,1,1ACB.I,0.13,0.2836070245481154,0.3749896230987379,1,1,1,1,1,1
43_1ACB.I,0.227,0.25,0.68456,1,1ACB.I,0.0,0.09765405036960217,0.19267302038165476,1,1,1,1,1,0
44_1ACB.I,0.185,0.96,0.55249,1,1ACB.I,0.11,0.26036453490793454,0.3615496978074288,1,1,1,1,1,1
45_1ACB.I,0.281,0.67,0.57709,1,1ACB.I,0.05,0.1854090961518603,0.30845562359073225,1,1,1,1,1,1
46_1ACB.I,0.245,0.98,0.50368,1,1ACB.I,0.11,0.26973384528944466,0.3758631616092615,1,1,0,1,1,1
47_1ACB.I,0.649,0.97,0.77883,1,1ACB.I,0.63,0.40423527060142334,0.5072906884029846,1,1,1,1,1,1
48_1ACB.I,1.0,0.17,0.59068,1,1ACB.I,0.41,0.14836703690177133,0.3503983161800039,1,1,1,1,1,1
49_1ACB.I,0.433,0.24,1.0,1,1ACB.I,0.09,0.14665514523503329,0.28006827066401146,1,1,1,1,1,1
50_1ACB.I,0.306,0.12,0.53182,0,1ACB.I,0.0,0.07330578604482456,0.1574587619275164,1,1,0,1,1,0
51_1ACB.I,0.306,0.0,0.32482,0,1ACB.I,0.0,0.049521766192622156,0.0987049416259437,1,0,0,0,1,0
52_1ACB.I,0.0,0.0,0.03646,0,1ACB.I,0.0,0.029219707074633693,-0.012849440790830622,0,0,0,0,0,0
53_1ACB.I,0.222,0.1,0.61317,0,1ACB.I,0.0,0.07061951067896607,0.14123955796332052,1,1,1,1,1,0
54_1ACB.I,0.0,0.0,0.04977,0,1ACB.I,0.0,0.029570208148508373,-0.011197982252108222,0,0,0,0,0,0
55_1ACB.I,0.047,0.26,0.45947,1,1ACB.I,0.02,0.07052493940711453,0.12292654019087629,0,1,0,1,1,1
56_1ACB.I,0.0,0.05,0.62915,0,1ACB.I,0.0,0.05407320038293885,0.07446863264566148,0,1,1,0,0,0
57_1ACB.I,0.0,0.04,0.10508,0,1ACB.I,0.0,0.0334261909588364,0.006688016897118013,0,0,0,0,0,0
58_1ACB.I,0.0,0.01,0.35688,0,1ACB.I,0.0,0.03959569349294955,0.029662990779589907,0,0,0,0,0,0
59_1ACB.I,0.0,0.01,0.19935,0,1ACB.I,0.0,0.03442190292506795,0.010117215903185744,0,0,0,0,0,0
60_1ACB.I,0.0,0.01,0.11197,0,1ACB.I,0.12,0.031839645411016845,-0.0007245907920481534,0,0,0,0,0,1
61_1ACB.I,0.0,0.01,0.38118,0,1ACB.I,0.0,0.040457478295062195,0.03267805032060826,0,0,0,0,0,0
62_1ACB.I,0.0,0.02,0.04278,0,1ACB.I,0.0,0.03048172283048226,-0.00655361386262189,0,0,0,0,0,0
63_1ACB.I,0.0,0.0,0.02527,0,1ACB.I,0.0,0.028928154168208677,-0.014237857097990924,0,0,0,0,0,0
64_1ACB.I,0.0,0.01,0.16758,0,1ACB.I,0.0,0.03346046636687027,0.006175304725483971,0,0,0,0,0,0
65_1ACB.I,0.0,0.01,0.37468,0,1ACB.I,0.0,0.04022521515571597,0.031871552912516934,0,0,0,0,0,0
66_1ACB.I,0.0,0.02,0.37487,0,1ACB.I,0.0,0.04096719874342618,0.03465095909938572,0,0,0,0,0,0
67_1ACB.I,0.0,0.0,0.13628,0,1ACB.I,0.0,0.031949643015473664,-0.0004641221330342407,0,0,0,0,0,0
68_1ACB.I,0.176,0.01,0.62408,1,1ACB.I,0.0,0.05844219754711064,0.10639963334617253,1,0,1,1,1,0
69_1ACB.I,0.078,0.0,0.5367,0,1ACB.I,0.0,0.048822284171051944,0.06853396809320425,1,0,0,0,0,0
70_1ACB.I,0.258,0.01,0.37209,0,1ACB.I,0.0,0.050384747142113065,0.09543949005029481,1,0,0,0,1,1
1_1AHW.A,0.0,0.05,0.02285,0,1AHW.A,0.0,0.031632077697238685,-0.0007589640506112522,0,0,0,0,0,0
2_1AHW.A,0.0,0.0,0.00249,0,1AHW.A,0.0,0.028343323045475013,-0.01706432032204023,0,0,0,0,0,0
3_1AHW.A,0.0,0.01,0.0068,0,1AHW.A,0.0,0.028979546676572345,-0.01377371885496586,0,0,0,0,0,0
4_1AHW.A,0.0,0.0,0.00307,0,1AHW.A,0.0,0.02835806999423989,-0.016992355937933617,0,0,0,0,0,0
5_1AHW.A,0.0,0.01,0.0088,0,1AHW.A,0.0,0.029031537719873636,-0.013525565806322373,0,0,0,0,0,0
6_1AHW.A,0.0,0.0,0.00943,0,1AHW.A,0.0,0.028520267352800704,-0.01620322924324733,0,0,0,0,0,0
7_1AHW.A,0.0,0.0,0.01538,0,1AHW.A,0.0,0.028672823633503312,-0.015464973923532962,0,0,0,0,0,0
8_1AHW.A,0.0,0.0,0.02436,0,1AHW.A,0.0,0.028904568805380434,-0.014350766735123711,0,0,0,0,0,0
9_1AHW.A,0.0,0.03,0.03063,0,1AHW.A,0.0,0.03070894897726543,-0.005305311985883406,0,0,0,0,0,0
10_1AHW.A,0.0,0.02,0.04108,0,1AHW.A,0.0,0.030435386096684332,-0.006764543953968853,0,0,0,0,0,0
11_1AHW.A,0.0,0.08,0.02903,0,1AHW.A,0.0,0.03359813509953577,0.008275323811440097,0,0,0,0,0,0
12_1AHW.A,0.034,0.04,0.04935,0,1AHW.A,0.0,0.0327845983381774,0.008192751737040226,1,0,0,0,0,0
13_1AHW.A,0.0,0.0,0.01089,0,1AHW.A,0.0,0.028557628229320006,-0.016022077517737588,0,0,0,0,0,0
14_1AHW.A,0.0,0.09,0.01151,0,1AHW.A,0.0,0.03368606743838257,0.00885733475257082,0,0,0,0,0,0
15_1AHW.A,0.0,0.13,0.00205,0,1AHW.A,0.0,0.035928546502775056,0.018706897421477763,0,0,0,0,0,0
16_1AHW.A,0.0,0.02,0.00249,0,1AHW.A,0.0,0.029401714646046836,-0.011552657027544912,0,0,0,0,0,0
17_1AHW.A,0.013,0.02,0.01627,0,1AHW.A,0.0,0.030115497595958544,-0.006623654462836932,1,0,0,0,0,0
18_1AHW.A,0.0,0.02,0.01387,0,1AHW.A,0.0,0.029702948232954888,-0.010140666180763477,0,0,0,0,0,0
19_1AHW.A,0.0,0.0,0.00662,0,1AHW.A,0.0,0.028448493943635644,-0.01655188427659143,0,0,0,0,0,0
20_1AHW.A,0.0,0.01,0.01023,0,1AHW.A,0.0,0.02906876678247259,-0.01334813637654228,0,0,0,0,0,0
21_1AHW.A,0.0,0.0,0.00142,0,1AHW.A,0.0,0.028316137002032227,-0.017197082203064495,0,0,0,0,0,0
22_1AHW.A,0.0,0.01,0.00525,0,1AHW.A,0.0,0.028939315758510335,-0.01396603746766456,0,0,0,0,0,0
23_1AHW.A,0.0,0.0,0.00013,0,1AHW.A,0.0,0.0282833949627397,-0.017357140919439542,0,0,0,0,0,0
24_1AHW.A,0.0,0.01,0.01071,0,1AHW.A,0.0,0.029081273629596508,-0.013288579644867843,0,0,0,0,0,0
25_1AHW.A,0.0,0.0,0.00098,0,1AHW.A,0.0,0.02830496504154864,-0.01725167587376606,0,0,0,0,0,0
26_1AHW.A,0.0,0.01,0.00249,0,1AHW.A,0.0,0.028867812877668486,-0.01430848867479257,0,0,0,0,0,0
27_1AHW.A,0.0,0.02,0.0233,0,1AHW.A,0.0,0.029954829293169314,-0.008970624556409441,0,0,0,0,0,0
28_1AHW.A,0.0,0.33,0.09398,0,1AHW.A,0.0,0.05586831007196711,0.08522988524732877,0,0,0,0,0,0
29_1AHW.A,0.0,0.0,0.00938,0,1AHW.A,0.0,0.028518988711282348,-0.01620943306946342,0,0,0,0,0,0
30_1AHW.A,0.237,0.49,0.49713,1,1AHW.A,0.0,0.12627380971268318,0.23803364623855455,1,1,1,1,1,0
31_1AHW.A,0.121,0.46,0.36856,0,1AHW.A,0.0,0.09825894958194326,0.18508821295643385,1,0,1,1,1,0
32_1AHW.A,0.569,0.84,0.77953,1,1AHW.A,0.57,0.3303825524100135,0.4517410963431481,1,1,1,1,1,1
33_1AHW.A,0.0,0.0,9e-05,0,1AHW.A,0.0,0.028282380293485787,-0.01736210398041241,0,0,0,0,0,0
34_1AHW.A,0.0,0.0,0.00133,0,1AHW.A,0.0,0.028313851480072136,-0.017208249090253452,0,0,0,0,0,0
35_1AHW.A,0.0,0.0,0.0,0,1AHW.A,0.0,0.028280097416881558,-0.01737327086760137,0,0,0,0,0,0
36_1AHW.A,0.0,0.0,4e-05,0,1AHW.A,0.0,0.028281112006617808,-0.0173683078066285,0,0,0,0,0,0
37_1AHW.A,0.0,0.0,0.00053,0,1AHW.A,0.0,0.028293543599337643,-0.017307510309710845,0,0,0,0,0,0
38_1AHW.A,0.0,0.0,0.00049,0,1AHW.A,0.0,0.02829252857660116,-0.017312473370683715,0,0,0,0,0,0
39_1AHW.A,0.0,0.0,0.00093,0,1AHW.A,0.0,0.028303695771396617,-0.01725787969998215,0,0,0,0,0,0
40_1AHW.A,0.0,0.15,0.00178,0,1AHW.A,0.0,0.03725038445263487,0.02418506005440621,0,0,0,0,0,0
41_1AHW.A,0.0,0.26,0.00565,0,1AHW.A,0.0,0.04561081952735574,0.0549793843232556,0,0,0,0,0,0
42_1AHW.A,0.0,0.41,0.00373,0,1AHW.A,0.0,0.059548808384361274,0.09607863210527273,0,0,0,0,0,0
43_1AHW.A,0.0,0.1,0.00213,0,1AHW.A,0.0,0.03402026496130248,0.010449328601680529,0,0,0,0,0,0
44_1AHW.A,0.0,0.0,0.00089,0,1AHW.A,0.0,0.028302680395062046,-0.017262842760955018,0,0,0,0,0,0
45_1AHW.A,0.0,0.61,0.00951,0,1AHW.A,0.44,0.08496562677500996,0.15191242736080557,0,1,0,1,1,1
46_1AHW.A,0.0,0.0,0.0048,0,1AHW.A,0.0,0.02840210084074022,-0.016777703550857004,0,0,0,0,0,0
47_1AHW.A,0.0,0.0,0.0004,0,1AHW.A,0.0,0.02829024490470339,-0.017323640257872672,0,0,0,0,0,0
48_1AHW.A,0.0,0.0,0.00338,0,1AHW.A,0.0,0.02836595503843382,-0.016953892215393878,0,0,0,0,0,0
49_1AHW.A,0.302,0.69,0.65376,0,1AHW.A,0.07,0.20550879035002076,0.32868052548579413,1,1,1,1,1,1
50_1AHW.A,0.62,0.99,0.85515,1,1AHW.A,0.62,0.4239859816426884,0.5150905171316327,1,1,1,1,1,1
51_1AHW.A,0.0,0.0,0.01569,0,1AHW.A,0.0,0.028680793612516662,-0.015426510200993223,0,0,0,0,0,0
52_1AHW.A,0.108,0.35,0.2619,0,1AHW.A,0.0,0.0734540048507549,0.13832083469299816,1,0,1,0,1,0
53_1AHW.A,0.202,0.99,0.51652,0,1AHW.A,0.11,0.2679691438531657,0.36956391993950505,1,1,1,1,1,1
54_1AHW.A,0.108,0.99,0.282,0,1AHW.A,0.09,0.21278683273521362,0.3171879982557153,1,1,1,1,1,1
55_1AHW.A,0.202,0.0,0.21949,0,1AHW.A,0.0,0.04117798176173265,0.05988213684269963,1,0,1,0,0,0
56_1AHW.A,0.16,0.8,0.24634,0,1AHW.A,0.0,0.1608731636653264,0.27327954033891394,1,1,1,1,1,0
57_1AHW.A,0.0,0.47,0.11808,0,1AHW.A,0.0,0.07304938969930631,0.12680177254494998,0,1,1,0,0,0
58_1AHW.A,0.0,0.0,0.05313,0,1AHW.A,0.0,0.029659331684808755,-0.010781085130387167,0,0,0,0,0,0
59_1AHW.A,0.0,0.16,0.02227,0,1AHW.A,0.0,0.03862951669574131,0.029483219685006383,0,0,0,0,0,0
60_1AHW.A,0.0,0.69,0.06709,0,1AHW.A,0.17,0.1022415285323655,0.18110340680923276,0,1,0,1,1,1
61_1AHW.A,0.0,0.0,0.01449,0,1AHW.A,0.0,0.028649954022467772,-0.015575402030179314,0,0,0,0,0,0
62_1AHW.A,0.0,0.0,0.01974,0,1AHW.A,0.0,0.02878511525308017,-0.014924000277490163,0,0,0,0,0,0
63_1AHW.A,0.0,0.06,0.03815,0,1AHW.A,0.0,0.03265861404051813,0.003895238418759075,0,0,0,0,0,0
64_1AHW.A,0.0,0.0,0.03534,0,1AHW.A,0.0,0.02919039784551548,-0.012988406498070974,0,0,0,0,0,0
65_1AHW.A,0.0,0.04,0.0445,0,1AHW.A,0.0,0.03166601137098725,-0.000828538946293176,0,0,0,0,0,0
66_1AHW.A,0.0,0.15,0.05095,0,1AHW.A,0.0,0.03891259872129052,0.030285902755306314,0,0,0,0,0,0
67_1AHW.A,0.0,0.04,0.09261,0,1AHW.A,0.0,0.03305631294699156,0.005140782638825878,0,0,0,0,0,0
68_1AHW.A,0.0,0.0,0.02454,0,1AHW.A,0.0,0.028909232561297613,-0.014328432960745797,0,0,0,0,0,0
69_1AHW.A,0.0,0.02,0.00627,0,1AHW.A,0.0,0.02950144287240936,-0.011083647765608724,0,0,0,0,0,0
70_1AHW.A,0.0,0.02,0.0088,0,1AHW.A,0.0,0.029568375335585578,-0.010769734159074715,0,0,0,0,0,0
71_1AHW.A,0.0,0.0,0.00333,0,1AHW.A,0.0,0.028364683113163463,-0.016960096041609966,0,0,0,0,0,0
72_1AHW.A,0.0,0.01,0.0052,0,1AHW.A,0.0,0.028938018889528468,-0.013972241293880647,0,0,0,0,0,0
73_1AHW.A,0.0,0.0,0.00013,0,1AHW.A,0.0,0.0282833949627397,-0.017357140919439542,0,0,0,0,0,0
74_1AHW.A,0.0,0.03,0.0084,0,1AHW.A,0.0,0.030104050337329536,-0.008063533121555753,0,0,0,0,0,0
75_1AHW.A,0.0,0.0,0.00044,0,1AHW.A,0.0,0.02829125984789623,-0.017318677196899803,0,0,0,0,0,0
76_1AHW.A,0.0,0.01,0.0112,0,1AHW.A,0.0,0.02909404642013505,-0.01322778214795019,0,0,0,0,0,0
77_1AHW.A,0.0,0.02,0.00387,0,1AHW.A,0.0,0.02943808541797563,-0.011381431423980907,0,0,0,0,0,0
78_1AHW.A,0.0,0.0,0.00044,0,1AHW.A,0.0,0.02829125984789623,-0.017318677196899803,0,0,0,0,0,0
79_1AHW.A,0.0,0.14,0.00502,0,1AHW.A,0.0,0.036684866819521975,0.021831236345961007,0,0,0,0,0,0
80_1AHW.A,0.0,0.02,0.00084,0,1AHW.A,0.0,0.02935828504867169,-0.011757383292675788,0,0,0,0,0,0
81_1AHW.A,0.0,0.03,0.00382,0,1AHW.A,0.0,0.02998086642571726,-0.008631803602949335,0,0,0,0,0,0
82_1AHW.A,0.0,0.0,0.00027,0,1AHW.A,0.0,0.028286946583462563,-0.0173397702060345,0,0,0,0,0,0
83_1AHW.A,0.0,0.0,9e-05,0,1AHW.A,0.0,0.028282380293485787,-0.01736210398041241,0,0,0,0,0,0
84_1AHW.A,0.0,0.0,0.00018,0,1AHW.A,0.0,0.028284663349008407,-0.017350937093223454,0,0,0,0,0,0
85_1AHW.A,0.0,0.06,0.00218,0,1AHW.A,0.0,0.031625869564044826,-0.00056779416109402,0,0,0,0,0,0
86_1AHW.A,0.0,0.0,0.0,0,1AHW.A,0.0,0.028280097416881558,-0.01737327086760137,0,0,0,0,0,0
87_1AHW.A,0.0,0.0,0.00316,0,1AHW.A,0.0,0.028360358981383896,-0.016981189050744663,0,0,0,0,0,0
88_1AHW.A,0.0,0.0,0.0,0,1AHW.A,0.0,0.028280097416881558,-0.01737327086760137,0,0,0,0,0,0
89_1AHW.A,0.0,0.0,0.0,0,1AHW.A,0.0,0.028280097416881558,-0.01737327086760137,0,0,0,0,0,0
90_1AHW.A,0.0,0.0,0.00067,0,1AHW.A,0.0,0.028297096457340444,-0.017290139596305803,0,0,0,0,0,0
91_1AHW.A,0.0,0.0,0.23158,1,1AHW.A,0.0,0.03478510928367815,0.011360370634827859,0,0,1,0,0,0
92_1AHW.A,0.35,0.92,0.28355,1,1AHW.A,0.0,0.22873739492568448,0.3580166638309232,1,1,1,1,1,0
93_1AHW.A,0.16,0.56,0.19802,1,1AHW.A,0.0,0.10439092001243114,0.20114420314974352,1,1,1,1,1,0
94_1AHW.A,0.0,0.13,0.12631,1,1AHW.A,0.0,0.040119684900559824,0.03412464633369754,0,0,1,0,0,0
95_1AHW.A,0.0,0.0,0.00578,0,1AHW.A,0.0,0.028427072608592615,-0.016656108557021695,0,0,0,0,0,0
96_1AHW.A,0.0,0.0,0.24434,1,1AHW.A,0.0,0.035182712589072185,0.012943587085173298,0,0,1,0,0,0
97_1AHW.A,0.0,0.04,0.0016,0,1AHW.A,0.0,0.03047410799200277,-0.006151421839695945,0,0,0,0,0,0
98_1AHW.A,0.0,0.0,0.00249,0,1AHW.A,0.0,0.028343323045475013,-0.01706432032204023,0,0,0,0,0,0
99_1AHW.A,0.0,0.0,0.00391,0,1AHW.A,0.0,0.028379440850912215,-0.016888131657503355,0,0,0,0,0,0
100_1AHW.A,0.0,0.01,0.00983,0,1AHW.A,0.0,0.029058348395770164,-0.013397766986270977,0,0,0,0,0,0
101_1AHW.A,0.0,0.0,0.00614,0,1AHW.A,0.0,0.028436251262775113,-0.016611441008265868,0,0,0,0,0,0
102_1AHW.A,0.0,0.0,0.00231,0,1AHW.A,0.0,0.028338747920199435,-0.017086654096418144,0,0,0,0,0,0
103_1AHW.A,0.0,0.03,0.01334,0,1AHW.A,0.0,0.030237466570729486,-0.007450595091406343,0,0,0,0,0,0
104_1AHW.A,0.0,0.0,0.00111,0,1AHW.A,0.0,0.028308265402575174,-0.017235545925604234,0,0,0,0,0,0
105_1AHW.A,0.0,0.0,0.02463,0,1AHW.A,0.0,0.028911564713034153,-0.01431726607355684,0,0,0,0,0,0
106_1AHW.A,0.0,0.0,0.00031,0,1AHW.A,0.0,0.028287961411769334,-0.01733480714506163,0,0,0,0,0,0
107_1AHW.A,0.013,0.03,0.02765,0,1AHW.A,0.0,0.030985576344865078,-0.002455831968807838,1,0,0,0,0,0
108_1AHW.A,0.013,0.01,0.00729,0,1AHW.A,0.0,0.029332117574793887,-0.010493693298493843,1,0,0,0,0,0
109_1AHW.A,0.0,0.01,0.00365,0,1AHW.A,0.0,0.028897843906794944,-0.014164559906579348,0,0,0,0,0,0
110_1AHW.A,0.0,0.01,0.01058,0,1AHW.A,0.0,0.02907788584317262,-0.01330470959302967,0,0,0,0,0,0
111_1AHW.A,0.0,0.01,0.00084,0,1AHW.A,0.0,0.02882514849143156,-0.014513214939923446,0,0,0,0,0,0
112_1AHW.A,0.0,0.01,0.00151,0,1AHW.A,0.0,0.0288424654350556,-0.014430083668627879,0,0,0,0,0,0
113_1AHW.A,0.0,0.0,0.0012,0,1AHW.A,0.0,0.02831055048675919,-0.017224379038415276,0,0,0,0,0,0
114_1AHW.A,0.0,0.02,0.00142,0,1AHW.A,0.0,0.029373544115113174,-0.011685418908569178,0,0,0,0,0,0
115_1AHW.A,0.0,0.0,0.00071,0,1AHW.A,0.0,0.028298111639181774,-0.01728517653533293,0,0,0,0,0,0
116_1AHW.A,0.0,0.0,0.00027,0,1AHW.A,0.0,0.028286946583462563,-0.0173397702060345,0,0,0,0,0,0
117_1AHW.A,0.0,0.0,0.00222,0,1AHW.A,0.0,0.028336460626432972,-0.017097820983607098,0,0,0,0,0,0
118_1AHW.A,0.0,0.0,0.00129,0,1AHW.A,0.0,0.028312835750023902,-0.01721321215122632,0,0,0,0,0,0
119_1AHW.A,0.0,0.03,0.00676,0,1AHW.A,0.0,0.03005988455236783,-0.008267018621443412,0,0,0,0,0,0
120_1AHW.A,0.0,0.0,0.00245,0,1AHW.A,0.0,0.028342306289003336,-0.017069283383013098,0,0,0,0,0,0
121_1AHW.A,0.0,0.0,0.00289,0,1AHW.A,0.0,0.028353492558002045,-0.017014689712311532,0,0,0,0,0,0
122_1AHW.A,0.0,0.02,0.0052,0,1AHW.A,0.0,0.029473179690860277,-0.011216409646632989,0,0,0,0,0,0
123_1AHW.A,0.0,0.02,0.00347,0,1AHW.A,0.0,0.029427538677498644,-0.011431062033709603,0,0,0,0,0,0
124_1AHW.A,0.0,0.0,0.00076,0,1AHW.A,0.0,0.028299380666208285,-0.017278972709116845,0,0,0,0,0,0
125_1AHW.A,0.0,0.0,0.00084,0,1AHW.A,0.0,0.028301411224375735,-0.017269046587171107,0,0,0,0,0,0
126_1AHW.A,0.0,0.09,0.00187,0,1AHW.A,0.0,0.033397634115815686,0.007661237058109217,0,0,0,0,0,0
127_1AHW.A,0.0,0.59,0.00236,0,1AHW.A,0.0,0.08158037570970118,0.1455136169174098,0,1,0,1,1,0
128_1AHW.A,0.0,0.04,0.00133,0,1AHW.A,0.0,0.03046674584860095,-0.006184922501262817,0,0,0,0,0,0
129_1AHW.A,0.0,0.02,0.00111,0,1AHW.A,0.0,0.029365387450638245,-0.011723882631108917,0,0,0,0,0,0
130_1AHW.A,0.0,0.0,0.00013,0,1AHW.A,0.0,0.0282833949627397,-0.017357140919439542,0,0,0,0,0,0
131_1AHW.A,0.0,0.0,0.00018,0,1AHW.A,0.0,0.028284663349008407,-0.017350937093223454,0,0,0,0,0,0
132_1AHW.A,0.0,0.0,0.0,0,1AHW.A,0.0,0.028280097416881558,-0.01737327086760137,0,0,0,0,0,0
133_1AHW.A,0.0,0.0,0.0,0,1AHW.A,0.0,0.028280097416881558,-0.01737327086760137,0,0,0,0,0,0
134_1AHW.A,0.0,0.0,0.0,0,1AHW.A,0.0,0.028280097416881558,-0.01737327086760137,0,0,0,0,0,0
135_1AHW.A,0.0,0.0,0.0,0,1AHW.A,0.0,0.028280097416881558,-0.01737327086760137,0,0,0,0,0,0
136_1AHW.A,0.0,0.0,0.0,0,1AHW.A,0.0,0.028280097416881558,-0.01737327086760137,0,0,0,0,0,0
137_1AHW.A,0.0,0.0,0.00013,0,1AHW.A,0.0,0.0282833949627397,-0.017357140919439542,0,0,0,0,0,0
138_1AHW.A,0.0,0.01,0.00098,0,1AHW.A,0.0,0.028828766123289717,-0.014495844226518402,0,0,0,0,0,0
139_1AHW.A,0.0,0.0,4e-05,0,1AHW.A,0.0,0.028281112006617808,-0.0173683078066285,0,0,0,0,0,0
140_1AHW.A,0.0,0.0,0.01889,0,1AHW.A,0.0,0.028763190102167758,-0.015029465323163644,0,0,0,0,0,0
141_1AHW.A,0.0,0.01,0.01783,0,1AHW.A,0.0,0.029267405935430826,-0.012405154791697034,0,0,0,0,0,0
142_1AHW.A,0.0,0.01,0.03414,0,1AHW.A,0.0,0.02969814972061698,-0.010381466680009407,0,0,0,0,0,0
143_1AHW.A,0.0,0.01,0.04095,0,1AHW.A,0.0,0.029879813596592766,-0.009536505549378337,0,0,0,0,0,0
144_1AHW.A,0.0,0.0,0.02236,0,1AHW.A,0.0,0.028852798387219967,-0.014598919783767197,0,0,0,0,0,0
145_1AHW.A,0.0,0.01,0.02432,0,1AHW.A,0.0,0.029438074881339066,-0.011599898148848922,0,0,0,0,0,0
146_1AHW.A,0.0,0.0,0.01325,0,1AHW.A,0.0,0.028618120256606903,-0.015729256920338275,0,0,0,0,0,0
147_1AHW.A,0.0,0.01,0.01778,0,1AHW.A,0.0,0.02926609480673242,-0.01241135861791312,0,0,0,0,0,0
148_1AHW.A,0.0,0.0,0.0012,0,1AHW.A,0.0,0.02831055048675919,-0.017224379038415276,0,0,0,0,0,0
149_1AHW.A,0.0,0.01,0.00142,0,1AHW.A,0.0,0.028840138691675368,-0.014441250555816836,0,0,0,0,0,0
150_1AHW.A,0.0,0.0,0.00018,0,1AHW.A,0.0,0.028284663349008407,-0.017350937093223454,0,0,0,0,0,0
151_1AHW.A,0.0,0.01,0.00111,0,1AHW.A,0.0,0.028832125747337213,-0.014479714278356575,0,0,0,0,0,0
152_1AHW.A,0.0,0.01,0.00111,0,1AHW.A,0.0,0.028832125747337213,-0.014479714278356575,0,0,0,0,0,0
153_1AHW.A,0.0,0.01,0.00302,0,1AHW.A,0.0,0.02888153019249195,-0.014242728116902047,0,0,0,0,0,0
154_1AHW.A,0.0,0.01,0.00218,0,1AHW.A,0.0,0.0288597924728269,-0.01434695239733231,0,0,0,0,0,0
155_1AHW.A,0.0,0.01,0.01569,0,1AHW.A,0.0,0.02921134055579054,-0.012670678553745564,0,0,0,0,0,0
156_1AHW.A,0.0,0.01,0.01129,0,1AHW.A,0.0,0.02909639303436785,-0.013216615260761233,0,0,0,0,0,0
157_1AHW.A,0.0,0.02,0.0197,0,1AHW.A,0.0,0.02985842773806244,-0.009417300043967717,0,0,0,0,0,0
158_1AHW.A,0.0,0.02,0.0124,0,1AHW.A,0.0,0.029663869055613204,-0.01032305867151644,0,0,0,0,0,0
159_1AHW.A,0.0,0.03,0.01921,0,1AHW.A,0.0,0.030396744467762485,-0.0067222658936377105,0,0,0,0,0,0
160_1AHW.A,0.0,0.09,0.01725,0,1AHW.A,0.0,0.03385895136083727,0.009569534002177624,0,0,0,0,0,0
161_1AHW.A,0.0,0.55,0.02779,0,1AHW.A,0.0,0.07776586555674855,0.13764555634192108,0,1,0,1,1,0
162_1AHW.A,0.0,0.0,0.01258,0,1AHW.A,0.0,0.028600934042409862,-0.015812388191633844,0,0,0,0,0,0
163_1AHW.A,0.0,0.07,0.03259,0,1AHW.A,0.0,0.03309560896600843,0.005961204590777848,0,0,0,0,0,0
164_1AHW.A,0.0,0.0,0.00302,0,1AHW.A,0.0,0.02835679841221513,-0.016998559764149705,0,0,0,0,0,0
165_1AHW.A,0.0,0.58,0.00471,0,1AHW.A,0.0,0.08033734867844844,0.14304936510231822,0,1,0,1,1,0
166_1AHW.A,0.0,0.0,0.00067,0,1AHW.A,0.0,0.028297096457340444,-0.017290139596305803,0,0,0,0,0,0
167_1AHW.A,0.0,0.06,0.0004,0,1AHW.A,0.0,0.03157559221108148,-0.0007886503743867214,0,0,0,0,0,0
168_1AHW.A,0.0,0.09,0.00133,0,1AHW.A,0.0,0.03338154777638195,0.007594235734975474,0,0,0,0,0,0
169_1AHW.A,0.0,0.1,0.00378,0,1AHW.A,0.0,0.03407034893629393,0.010654054866811404,0,0,0,0,0,0
170_1AHW.A,0.0,0.02,0.00098,0,1AHW.A,0.0,0.02936196756764692,-0.011740012579270744,0,0,0,0,0,0
171_1AHW.A,0.0,0.0,0.00022,0,1AHW.A,0.0,0.02828567809778582,-0.017345974032250584,0,0,0,0,0,0
172_1AHW.A,0.0,0.0,0.00022,0,1AHW.A,0.0,0.02828567809778582,-0.017345974032250584,0,0,0,0,0,0
173_1AHW.A,0.0,0.0,0.01027,0,1AHW.A,0.0,0.028541756852062082,-0.01609900496281707,0,0,0,0,0,0
174_1AHW.A,0.0,0.0,4e-05,0,1AHW.A,0.0,0.028281112006617808,-0.0173683078066285,0,0,0,0,0,0
175_1AHW.A,0.0,0.0,0.00574,0,1AHW.A,0.0,0.02842605293567598,-0.016661071617994565,0,0,0,0,0,0
176_1AHW.A,0.0,0.0,9e-05,0,1AHW.A,0.0,0.028282380293485787,-0.01736210398041241,0,0,0,0,0,0
177_1AHW.A,0.0,0.0,0.00027,0,1AHW.A,0.0,0.028286946583462563,-0.0173397702060345,0,0,0,0,0,0
178_1AHW.A,0.0,0.0,0.00018,0,1AHW.A,0.0,0.028284663349008407,-0.017350937093223454,0,0,0,0,0,0
179_1AHW.A,0.0,0.0,4e-05,0,1AHW.A,0.0,0.028281112006617808,-0.0173683078066285,0,0,0,0,0,0
180_1AHW.A,0.0,0.03,0.00164,0,1AHW.A,0.0,0.02992240475784042,-0.008902290425970735,0,0,0,0,0,0
181_1AHW.A,0.0,0.0,0.00084,0,1AHW.A,0.0,0.028301411224375735,-0.017269046587171107,0,0,0,0,0,0
182_1AHW.A,0.0,0.01,0.00178,0,1AHW.A,0.0,0.028849446758089,-0.014396583007061009,0,0,0,0,0,0
183_1AHW.A,0.0,0.01,0.00044,0,1AHW.A,0.0,0.028814814827442945,-0.014562845549652145,0,0,0,0,0,0
184_1AHW.A,0.0,0.01,0.00102,0,1AHW.A,0.0,0.028829799813305947,-0.014490881165545533,0,0,0,0,0,0
185_1AHW.A,0.0,0.01,0.00156,0,1AHW.A,0.0,0.028843758148968394,-0.014423879842411792,0,0,0,0,0,0
186_1AHW.A,0.0,0.0,0.002,0,1AHW.A,0.0,0.028330870218402103,-0.017125117818957883,0,0,0,0,0,0
187_1AHW.A,0.0,0.01,0.00018,0,1AHW.A,0.0,0.02880809987357558,-0.014595105445975797,0,0,0,0,0,0
188_1AHW.A,0.0,0.01,0.00089,0,1AHW.A,0.0,0.02882644045224007,-0.01450701111370736,0,0,0,0,0,0
189_1AHW.A,0.0,0.01,0.00049,0,1AHW.A,0.0,0.028816106338832945,-0.014556641723436056,0,0,0,0,0,0
190_1AHW.A,0.0,0.01,0.00173,0,1AHW.A,0.0,0.028848153796798528,-0.014402786833277096,0,0,0,0,0,0
191_1AHW.A,0.0,0.01,0.00169,0,1AHW.A,0.0,0.028847119468249055,-0.014407749894249965,0,0,0,0,0,0
192_1AHW.A,0.0,0.0,0.0004,0,1AHW.A,0.0,0.02829024490470339,-0.017323640257872672,0,0,0,0,0,1
193_1AHW.A,0.0,0.0,0.00093,0,1AHW.A,0.0,0.028303695771396617,-0.01725787969998215,0,0,0,0,0,1
194_1AHW.A,0.0,0.0,0.0,0,1AHW.A,0.0,0.028280097416881558,-0.01737327086760137,0,0,0,0,0,1
195_1AHW.A,0.0,0.01,0.00129,0,1AHW.A,0.0,0.028836778161654645,-0.014457380503978661,0,0,0,0,0,1
196_1AHW.A,0.0,0.0,0.00022,0,1AHW.A,0.0,0.02828567809778582,-0.017345974032250584,0,0,0,0,0,1
197_1AHW.A,0.0,0.01,0.0084,0,1AHW.A,0.0,0.0290211322774229,-0.01357519641605107,0,0,0,0,0,1
198_1AHW.A,0.0,0.0,0.00422,0,1AHW.A,0.0,0.028387331663728067,-0.016849667934963612,0,0,0,0,0,1
199_1AHW.A,0.0,0.01,0.01747,0,1AHW.A,0.0,0.02925796708018366,-0.012449822340452861,0,0,0,0,0,1
200_1AHW.A,0.0,0.01,0.00142,0,1AHW.A,0.0,0.028840138691675368,-0.014441250555816836,0,0,0,0,0,1
201_1AHW.A,0.0,0.01,0.00378,0,1AHW.A,0.0,0.028901211341409844,-0.014148429958417523,0,0,0,0,0,0
202_1AHW.A,0.0,0.03,0.00356,0,1AHW.A,0.0,0.029973888123833652,-0.008664063499272989,0,0,0,0,0,0
203_1AHW.A,0.0,0.03,0.00373,0,1AHW.A,0.0,0.029978450681528015,-0.008642970490138293,0,0,0,0,0,0
204_1AHW.A,0.0,0.01,0.00316,0,1AHW.A,0.0,0.02888515468994234,-0.014225357403497002,0,0,0,0,0,0
205_1AHW.A,0.0,0.01,0.00262,0,1AHW.A,0.0,0.02887117691684069,-0.014292358726630743,0,0,0,0,0,0
206_1AHW.A,0.0,0.04,0.00329,0,1AHW.A,0.0,0.030520228717892985,-0.0059417325135922,0,0,0,0,0,0
207_1AHW.A,0.0,0.01,0.00329,0,1AHW.A,0.0,0.028888520689883936,-0.014209227455335177,0,0,0,0,0,0
208_1AHW.A,0.0,0.01,0.00609,0,1AHW.A,0.0,0.0289611115902827,-0.013861813187234296,0,0,0,0,0,0
209_1AHW.A,0.0,0.0,0.00831,0,1AHW.A,0.0,0.02849163911541747,-0.016342194950487686,0,0,0,0,0,0
210_1AHW.A,0.0,0.01,0.00849,0,1AHW.A,0.0,0.029023473186481602,-0.013564029528862112,0,0,0,0,0,0
211_1AHW.A,0.0,0.01,0.00205,0,1AHW.A,0.0,0.028856429720742007,-0.014363082345494138,1,0,0,0,0,0
212_1AHW.A,0.0,0.02,0.00911,0,1AHW.A,0.0,0.029576586664841167,-0.010731270436534974,0,0,0,0,0,1
213_1AHW.A,0.0,0.02,0.00885,0,1AHW.A,0.0,0.0295696995940179,-0.010763530332858626,0,0,0,0,0,0
214_1AHW.A,0.0,0.05,0.00831,0,1AHW.A,0.0,0.03122356490620513,-0.0025630367142493934,0,0,0,0,0,0
501_1AHW.A,0.0,0.05,0.13867,0,1AHW.A,0.0,0.035075779797075164,0.013611578996333015,0,0,1,0,0,0
502_1AHW.A,0.0,0.0,0.11635,0,1AHW.A,0.81,0.03138556811270649,-0.0029369672627665797,0,0,1,0,0,1
503_1AHW.A,0.0,0.02,0.00529,0,1AHW.A,0.0,0.029475555956173537,-0.011205242759444033,0,0,0,0,0,0
504_1AHW.A,0.0,0.0,0.00107,0,1AHW.A,0.0,0.028307249867083766,-0.017240508986577103,0,0,0,0,0,0
505_1AHW.A,0.0,0.02,0.00196,0,1AHW.A,0.0,0.02938775774557721,-0.011618417585435435,0,0,0,0,0,0
506_1AHW.A,0.0,0.0,0.00138,0,1AHW.A,0.0,0.028315121192382494,-0.017202045264037364,0,0,0,0,0,0
507_1AHW.A,0.0,0.08,0.00329,0,1AHW.A,0.0,0.03283521978471292,0.005081594075398432,0,0,0,0,0,0
508_1AHW.A,0.0,0.07,0.00102,0,1AHW.A,0.0,0.03217573087329223,0.0020441087179404217,0,0,0,0,0,0
509_1AHW.A,0.0,0.0,0.00205,0,1AHW.A,0.0,0.028332140671651403,-0.017118913992741795,0,0,0,0,0,0
510_1AHW.A,0.0,0.01,0.0044,0,1AHW.A,0.0,0.028917276652653177,-0.014071502513338042,0,0,0,0,0,0
511_1AHW.A,0.0,0.01,0.00387,0,1AHW.A,0.0,0.02890354286532218,-0.014137263071228565,0,0,0,0,0,0
512_1AHW.A,0.0,0.0,0.0036,0,1AHW.A,0.0,0.0283715521674533,-0.016926595380043093,0,0,0,0,0,0
513_1AHW.A,0.0,0.01,0.00658,0,1AHW.A,0.0,0.02897383317936936,-0.013801015690316642,0,0,0,0,0,0
514_1AHW.A,0.0,0.01,0.00667,0,1AHW.A,0.0,0.028976170387033207,-0.013789848803127685,0,0,0,0,0,0
515_1AHW.A,0.0,0.02,0.00747,0,1AHW.A,0.0,0.029533171160728424,-0.010934755936422631,0,0,0,0,0,0
516_1AHW.A,0.0,0.01,0.00738,0,1AHW.A,0.0,0.02899461477272244,-0.013701754470859247,0,0,0,0,0,0
517_1AHW.A,0.0,0.03,0.01125,0,1AHW.A,0.0,0.03018095147289601,-0.007709915027238785,0,0,0,0,0,0
518_1AHW.A,0.0,0.0,0.004,0,1AHW.A,0.0,0.02838173151266698,-0.016876964770314397,0,0,0,0,0,0
519_1AHW.A,0.0,0.01,0.00911,0,1AHW.A,0.0,0.029039604427078737,-0.013487102083782633,0,0,0,0,0,0
520_1AHW.A,0.0,0.0,0.0008,0,1AHW.A,0.0,0.028300395927610807,-0.017274009648143976,0,0,0,0,0,0
521_1AHW.A,0.0,0.01,0.00262,0,1AHW.A,0.0,0.02887117691684069,-0.014292358726630743,0,0,0,0,0,0
522_1AHW.A,0.0,0.0,9e-05,0,1AHW.A,0.0,0.028282380293485787,-0.01736210398041241,0,0,0,0,0,0
523_1AHW.A,0.0,0.01,0.0028,0,1AHW.A,0.0,0.028875835445179868,-0.01427002495225283,0,0,0,0,0,0
524_1AHW.A,0.0,0.0,0.00116,0,1AHW.A,0.0,0.028309534871680572,-0.01722934209938815,0,0,0,0,0,0
525_1AHW.A,0.0,0.03,0.00302,0,1AHW.A,0.0,0.029959399756840505,-0.00873106482240673,0,0,0,0,0,0
526_1AHW.A,0.0,0.03,0.07273,0,1AHW.A,0.0,0.031886932788092834,-8.169031193802981e-05,0,0,0,0,0,0
527_1AHW.A,0.051,0.0,0.09261,0,1AHW.A,0.0,0.03216013201979638,0.006746735360394666,1,0,0,0,0,0
528_1AHW.A,0.051,0.14,0.07331,0,1AHW.A,0.0,0.040781381043390796,0.04293370150245226,1,0,0,0,0,0
529_1AHW.A,0.0,0.0,0.00076,0,1AHW.A,0.0,0.028299380666208285,-0.017278972709116845,0,0,0,0,0,0
530_1AHW.A,0.073,0.54,0.13426,1,1AHW.A,0.0,0.0889684797845948,0.16617735595824543,1,1,1,1,1,0
531_1AHW.A,0.075,0.98,0.4493,1,1AHW.A,0.31,0.23091760970353162,0.3270182825147804,1,1,1,1,1,1
532_1AHW.A,0.258,0.78,0.47019,1,1AHW.A,0.04,0.19902575151705004,0.3198104339243275,1,1,1,1,1,1
533_1AHW.A,0.965,0.82,0.57476,1,1AHW.A,0.82,0.3618003356235671,0.5188849225158686,1,1,1,1,1,1
534_1AHW.A,0.0,0.0,0.00018,0,1AHW.A,0.0,0.028284663349008407,-0.017350937093223454,0,0,0,0,0,0
535_1AHW.A,0.0,0.0,0.02979,0,1AHW.A,0.0,0.029045580408081344,-0.013677031208056648,0,0,0,0,0,0
536_1AHW.A,0.0,0.0,0.0,0,1AHW.A,0.0,0.028280097416881558,-0.01737327086760137,0,0,0,0,0,0
537_1AHW.A,0.0,0.0,0.0,0,1AHW.A,0.0,0.028280097416881558,-0.01737327086760137,0,0,0,0,0,0
538_1AHW.A,0.0,0.0,0.00036,0,1AHW.A,0.0,0.028289229996861422,-0.01732860331884554,0,0,0,0,0,0
539_1AHW.A,0.0,0.0,0.00116,0,1AHW.A,0.0,0.028309534871680572,-0.01722934209938815,0,0,0,0,0,0
540_1AHW.A,0.0,0.09,0.00747,0,1AHW.A,0.0,0.03356489724143615,0.008356065594310978,0,0,0,0,0,0
541_1AHW.A,0.0,0.04,0.00974,0,1AHW.A,0.0,0.03069687374472279,-0.005141438931716959,0,0,0,0,0,0
542_1AHW.A,0.0,0.13,0.02965,0,1AHW.A,0.0,0.03682144062273003,0.022131409492757867,0,0,0,0,0,0
543_1AHW.A,0.0,0.07,0.01445,0,1AHW.A,0.0,0.03256399038265544,0.0037104564395814277,0,0,0,0,0,0
544_1AHW.A,0.0,0.15,0.0052,0,1AHW.A,0.0,0.03736375640458106,0.024609401767586574,0,0,0,0,0,0
545_1AHW.A,0.0,0.0,0.00196,0,1AHW.A,0.0,0.028329853895624486,-0.017130080879930752,0,0,0,0,0,0
546_1AHW.A,0.0,0.03,0.00182,0,1AHW.A,0.0,0.029927227680541423,-0.008879956651592821,0,0,0,0,0,0
547_1AHW.A,0.0,0.0,0.00782,0,1AHW.A,0.0,0.028479123034632542,-0.01640299244740534,0,0,0,0,0,0
548_1AHW.A,0.0,0.0,0.0,0,1AHW.A,0.0,0.028280097416881558,-0.01737327086760137,0,0,0,0,0,0
549_1AHW.A,0.0,0.0,9e-05,0,1AHW.A,0.0,0.028282380293485787,-0.01736210398041241,0,0,0,0,0,0
550_1AHW.A,0.0,0.0,0.08883,0,1AHW.A,0.0,0.03062249138190087,-0.006351553212100944,0,0,0,0,0,0
551_1AHW.A,0.0,0.0,0.00845,0,1AHW.A,0.0,0.02849521611907752,-0.01632482423708264,0,0,0,0,0,0
552_1AHW.A,0.057,0.89,0.26204,1,1AHW.A,0.33,0.173291153960163,0.27452383504721733,1,1,1,1,1,1
553_1AHW.A,0.051,0.0,0.00289,0,1AHW.A,0.0,0.02968005724901871,-0.00438541040175211,1,0,0,0,0,0
554_1AHW.A,0.051,0.97,0.26911,1,1AHW.A,0.3,0.19615701761579324,0.2959619116862051,1,1,1,1,1,1
555_1AHW.A,0.034,0.5,0.21047,1,1AHW.A,0.03,0.08568734733942111,0.15495221710915175,1,1,1,1,1,1
556_1AHW.A,0.0,0.6,0.02436,0,1AHW.A,0.44,0.08456460412424388,0.15099913209973578,0,1,0,1,1,1
557_1AHW.A,0.0,0.98,0.14898,1,1AHW.A,0.88,0.17514636716968693,0.2711831511561224,0,1,1,1,1,1
558_1AHW.A,0.0,0.97,0.04077,0,1AHW.A,0.2,0.15864598846681321,0.25500099881201893,0,1,0,1,1,1
559_1AHW.A,0.0,0.77,0.11697,1,1AHW.A,0.65,0.12179738003135358,0.2093389970203826,0,1,1,1,1,1
560_1AHW.A,0.0,0.16,0.02441,0,1AHW.A,0.0,0.03870293773997746,0.029748743447054915,0,0,0,0,0,0
561_1AHW.A,0.0,0.08,0.00205,0,1AHW.A,0.0,0.03279889267854346,0.0049277391852394735,0,0,0,0,0,0
562_1AHW.A,0.0,0.25,0.0108,0,1AHW.A,0.0,0.04500000137934745,0.05286254677626492,0,0,0,0,0,0
563_1AHW.A,0.0,0.04,0.00605,0,1AHW.A,0.0,0.03059569553177369,-0.00559928130646419,0,0,0,0,0,0
564_1AHW.A,0.0,0.0,0.00258,0,1AHW.A,0.0,0.02834561087701047,-0.01705315343485127,0,0,0,0,0,0
565_1AHW.A,0.0,0.27,0.02499,0,1AHW.A,0.0,0.04723648680140072,0.06013485595088577,0,0,0,0,0,0
566_1AHW.A,0.0,0.05,0.016,0,1AHW.A,0.0,0.03143898138109032,-0.0016088882422151882,0,0,0,0,0,0
567_1AHW.A,0.0,0.03,0.00805,0,1AHW.A,0.0,0.030094619438030278,-0.008106959905068363,0,0,0,0,0,0
568_1AHW.A,0.0,0.0,0.00934,0,1AHW.A,0.0,0.02851796583813016,-0.01621439613043629,0,0,0,0,0,0
569_1AHW.A,0.0,0.06,0.01267,0,1AHW.A,0.0,0.031923743575069975,0.0007337685790410643,0,0,0,0,0,0
570_1AHW.A,0.0,0.0,0.00582,0,1AHW.A,0.0,0.028428092317015752,-0.016651145496048826,0,0,0,0,0,0
571_1AHW.A,0.0,0.13,0.00867,0,1AHW.A,0.0,0.03614079256801735,0.019528284012487705,0,0,0,0,0,0
572_1AHW.A,0.0,0.53,0.00449,0,1AHW.A,0.0,0.07362095587090889,0.12924291003072916,0,1,0,1,0,0
573_1AHW.A,0.0,0.53,0.00529,0,1AHW.A,0.0,0.07367133118948997,0.12934217125018654,0,1,0,1,0,0
574_1AHW.A,0.0,0.48,0.00285,0,1AHW.A,0.0,0.06734253683759477,0.1152602662946032,0,1,0,0,0,0
575_1AHW.A,0.0,0.14,0.00382,0,1AHW.A,0.0,0.03664574539741718,0.021682344516774914,0,0,0,0,0,0
576_1AHW.A,0.0,0.93,0.00338,0,1AHW.A,0.2,0.14450688088429978,0.23933845097863837,0,1,0,1,1,1
577_1AHW.A,0.0,0.79,0.0032,0,1AHW.A,0.28,0.1147842982039009,0.20073447414279322,0,1,0,1,1,1
578_1AHW.A,0.0,0.0,0.00151,0,1AHW.A,0.0,0.028318422703105216,-0.017185915315875537,0,0,0,0,0,0
579_1AHW.A,0.0,0.0,4e-05,0,1AHW.A,0.0,0.028281112006617808,-0.0173683078066285,0,0,0,0,0,0
580_1AHW.A,0.0,0.43,0.00507,0,1AHW.A,0.0,0.0617701177912618,0.10175655794235919,0,0,0,0,0,0
581_1AHW.A,0.0,0.0,9e-05,0,1AHW.A,0.0,0.028282380293485787,-0.01736210398041241,0,0,0,0,0,0
582_1AHW.A,0.0,0.07,0.01058,0,1AHW.A,0.0,0.03245164719268088,0.003230280290456286,0,0,0,0,0,0
583_1AHW.A,0.0,0.0,0.00129,0,1AHW.A,0.0,0.028312835750023902,-0.01721321215122632,0,0,0,0,0,0
584_1AHW.A,0.0,0.0,0.00987,0,1AHW.A,0.0,0.02853152179780741,-0.016148635572545766,0,0,0,0,0,0
585_1AHW.A,0.0,0.04,0.00943,0,1AHW.A,0.0,0.030688361226608958,-0.005179902654256699,0,0,0,0,0,0
586_1AHW.A,0.0,0.0,0.00258,0,1AHW.A,0.0,0.02834561087701047,-0.01705315343485127,0,0,0,0,0,0
587_1AHW.A,0.0,0.01,0.00458,0,1AHW.A,0.0,0.028921942397916116,-0.014049168738960128,0,0,0,0,0,0
588_1AHW.A,0.0,0.01,0.00987,0,1AHW.A,0.0,0.029059390071417984,-0.013392803925298107,0,0,0,0,0,0
589_1AHW.A,0.0,0.01,0.00667,0,1AHW.A,0.0,0.028976170387033207,-0.013789848803127685,0,0,0,0,0,0
590_1AHW.A,0.0,0.0,0.00049,0,1AHW.A,0.0,0.02829252857660116,-0.017312473370683715,0,0,0,0,0,0
591_1AHW.A,0.0,0.01,0.00596,0,1AHW.A,0.0,0.028957737384489222,-0.013877943135396122,0,0,0,0,0,0
592_1AHW.A,0.0,0.0,0.00049,0,1AHW.A,0.0,0.02829252857660116,-0.017312473370683715,0,0,0,0,0,0
593_1AHW.A,0.0,0.05,0.00022,0,1AHW.A,0.0,0.030998485410828953,-0.0035668157960122935,0,0,0,0,0,0
594_1AHW.A,0.0,0.0,0.0,0,1AHW.A,0.0,0.028280097416881558,-0.01737327086760137,0,0,0,0,0,0
595_1AHW.A,0.122,0.0,0.00013,0,1AHW.A,0.0,0.03154950540677884,0.012854076254839863,1,0,0,0,0,0
596_1AHW.A,0.0,0.0,0.0,0,1AHW.A,0.0,0.028280097416881558,-0.01737327086760137,0,0,0,0,0,0
597_1AHW.A,0.0,0.0,0.0,0,1AHW.A,0.0,0.028280097416881558,-0.01737327086760137,0,0,0,0,0,0
598_1AHW.A,0.0,0.0,0.18272,0,1AHW.A,0.0,0.03330230993114566,0.0052979916564675,0,0,1,0,0,0
599_1AHW.A,0.0,0.0,0.20611,0,1AHW.A,0.0,0.034004374508240946,0.008200141560353064,0,0,1,0,0,0
600_1AHW.A,0.569,0.94,0.65158,1,1AHW.A,0.45,0.34619744636627653,0.46342382152865763,1,1,1,1,1,1
601_1AHW.A,0.706,0.92,0.76224,1,1AHW.A,0.75,0.3905720556958314,0.5055681775047562,1,1,1,1,1,1
602_1AHW.A,0.929,0.87,1.0,1,1AHW.A,0.96,0.4715494139738879,0.5765115965589958,1,1,1,1,1,1
603_1AHW.A,1.0,0.0,0.3899,0,1AHW.A,0.41,0.09503313627360349,0.2786370936234741,1,0,1,1,1,1
604_1AHW.A,0.0,0.0,0.00836,0,1AHW.A,0.0,0.02849291656668776,-0.016335991124271598,0,0,0,0,0,0
605_1AHW.A,0.569,0.0,0.21691,0,1AHW.A,0.0,0.056716047964044974,0.15044330386044574,1,0,1,0,1,0
606_1AHW.A,0.377,0.95,0.14813,0,1AHW.A,1.0,0.22116520550585714,0.3561678048957824,1,1,1,1,1,1
607_1AHW.A,0.202,0.0,0.0036,0,1AHW.A,0.0,0.033991311398352056,0.03309525600687854,1,0,0,0,0,0
608_1AHW.A,0.0,0.0,0.00089,0,1AHW.A,0.0,0.028302680395062046,-0.017262842760955018,0,0,0,0,0,0
609_1AHW.A,0.0,0.11,0.00191,0,1AHW.A,0.0,0.034639269322842794,0.013177863413577403,0,0,0,0,0,0
610_1AHW.A,0.0,0.02,0.00058,0,1AHW.A,0.0,0.02935144727309214,-0.01178964318899944,0,0,0,0,0,0
611_1AHW.A,0.0,0.0,4e-05,0,1AHW.A,0.0,0.028281112006617808,-0.0173683078066285,0,0,0,0,0,0
612_1AHW.A,0.0,0.02,0.00089,0,1AHW.A,0.0,0.029359600182601798,-0.011751179466459701,0,0,0,0,0,0
613_1AHW.A,0.0,0.0,0.0004,0,1AHW.A,0.0,0.02829024490470339,-0.017323640257872672,0,0,0,0,0,0
614_1AHW.A,0.0,0.0,0.00329,0,1AHW.A,0.0,0.028363665612812308,-0.016965059102582836,0,0,0,0,0,0
615_1AHW.A,0.0,0.0,0.0044,0,1AHW.A,0.0,0.028391914403376524,-0.0168273341605857,0,0,0,0,0,0
616_1AHW.A,0.0,0.01,0.00729,0,1AHW.A,0.0,0.02899227612176039,-0.013712921358048205,0,0,0,0,0,0
617_1AHW.A,0.0,0.01,0.00694,0,1AHW.A,0.0,0.028983183107521033,-0.013756348141560815,0,0,0,0,0,0
618_1AHW.A,0.0,0.01,0.00471,0,1AHW.A,0.0,0.02892531255705785,-0.014033038790798301,0,0,0,0,0,0
619_1AHW.A,0.0,0.01,0.00493,0,1AHW.A,0.0,0.028931016771305513,-0.014005741955447518,0,0,0,0,0,0
620_1AHW.A,0.0,0.01,0.00356,0,1AHW.A,0.0,0.028895512828914026,-0.014175726793768306,0,0,0,0,0,0
621_1AHW.A,0.0,0.01,0.00196,0,1AHW.A,0.0,0.028854101884322112,-0.014374249232683094,0,0,0,0,0,0
622_1AHW.A,0.0,0.01,0.0024,0,1AHW.A,0.0,0.028865484150268017,-0.014319655561981528,0,0,0,0,0,0
623_1AHW.A,0.0,0.0,0.0016,0,1AHW.A,0.0,0.028320708583304266,-0.01717474842868658,0,0,0,0,0,0
624_1AHW.A,0.0,0.01,0.00209,0,1AHW.A,0.0,0.02885746437319599,-0.014358119284521267,0,0,0,0,0,0
625_1AHW.A,0.0,0.0,0.0008,0,1AHW.A,0.0,0.028300395927610807,-0.017274009648143976,0,0,0,0,0,0
626_1AHW.A,0.0,0.0,0.00196,0,1AHW.A,0.0,0.028329853895624486,-0.017130080879930752,0,0,0,0,0,0
627_1AHW.A,0.0,0.0,0.00222,0,1AHW.A,0.0,0.028336460626432972,-0.017097820983607098,0,0,0,0,0,0
628_1AHW.A,0.0,0.0,0.0012,0,1AHW.A,0.0,0.02831055048675919,-0.017224379038415276,0,0,0,0,0,0
629_1AHW.A,0.0,0.03,0.0068,0,1AHW.A,0.0,0.030060961019234295,-0.008262055560470542,0,0,0,0,0,0
630_1AHW.A,0.0,0.24,0.00849,0,1AHW.A,0.0,0.04410577112989461,0.049820098357834026,0,0,0,0,0,0
631_1AHW.A,0.0,0.13,0.01138,0,1AHW.A,0.0,0.03622802649749437,0.019864531393399623,0,0,0,0,0,0
632_1AHW.A,0.0,0.03,0.01289,0,1AHW.A,0.0,0.030225289593575854,-0.0075064295273511265,0,0,0,0,0,0
633_1AHW.A,0.0,0.01,0.01014,0,1AHW.A,0.0,0.029066422329585468,-0.013359303263731238,0,0,0,0,0,0
634_1AHW.A,0.0,0.01,0.00502,0,1AHW.A,0.0,0.028933350628047225,-0.01399457506825856,0,0,0,0,0,0
635_1AHW.A,0.0,0.02,0.00738,0,1AHW.A,0.0,0.029530790391914332,-0.010945922823611589,0,0,0,0,0,0
636_1AHW.A,0.0,0.01,0.00289,0,1AHW.A,0.0,0.02887816498283992,-0.014258858065063874,0,0,0,0,0,0
637_1AHW.A,0.0,0.02,0.00373,0,1AHW.A,0.0,0.029434393641949615,-0.011398802137385951,0,0,0,0,0,0
638_1AHW.A,0.0,0.01,0.0044,0,1AHW.A,0.0,0.028917276652653177,-0.014071502513338042,0,0,0,0,0,0
639_1AHW.A,0.0,0.16,0.00333,0,1AHW.A,0.0,0.03798550875052427,0.02713321031435257,0,0,0,0,0,0
640_1AHW.A,0.0,0.0,0.00262,0,1AHW.A,0.0,0.028346627748572974,-0.0170481903738784,0,0,0,0,0,0
641_1AHW.A,0.0,0.0,9e-05,0,1AHW.A,0.0,0.028282380293485787,-0.01736210398041241,0,0,0,0,0,0
642_1AHW.A,0.0,0.0,0.00018,0,1AHW.A,0.0,0.028284663349008407,-0.017350937093223454,0,0,0,0,0,0
643_1AHW.A,0.0,0.0,0.0,0,1AHW.A,0.0,0.028280097416881558,-0.01737327086760137,0,0,0,0,0,0
644_1AHW.A,0.0,0.0,0.0,0,1AHW.A,0.0,0.028280097416881558,-0.01737327086760137,0,0,0,0,0,0
645_1AHW.A,0.0,0.0,0.0,0,1AHW.A,0.0,0.028280097416881558,-0.01737327086760137,0,0,0,0,0,0
646_1AHW.A,0.0,0.0,0.0,0,1AHW.A,0.0,0.028280097416881558,-0.01737327086760137,0,0,0,0,0,0
647_1AHW.A,0.0,0.07,0.00147,0,1AHW.A,0.0,0.032188667550539174,0.0020999431538852066,0,0,0,0,0,0
648_1AHW.A,0.0,0.01,0.00173,0,1AHW.A,0.0,0.028848153796798528,-0.014402786833277096,0,0,0,0,0,0
649_1AHW.A,0.0,0.0,0.00027,0,1AHW.A,0.0,0.028286946583462563,-0.0173397702060345,0,0,0,0,0,0
650_1AHW.A,0.0,0.0,0.00658,0,1AHW.A,0.0,0.02844747352483837,-0.0165568473375643,0,0,0,0,0,0
651_1AHW.A,0.0,0.0,0.00022,0,1AHW.A,0.0,0.02828567809778582,-0.017345974032250584,0,0,0,0,0,0
652_1AHW.A,0.0,0.01,0.00382,0,1AHW.A,0.0,0.028902247551730955,-0.014143466897444652,0,0,0,0,0,0
653_1AHW.A,0.0,0.01,0.00049,0,1AHW.A,0.0,0.028816106338832945,-0.014556641723436056,0,0,0,0,0,0
654_1AHW.A,0.0,0.0,0.00027,0,1AHW.A,0.0,0.028286946583462563,-0.0173397702060345,0,0,0,0,0,0
655_1AHW.A,0.0,0.01,0.00107,0,1AHW.A,0.0,0.028831091976400595,-0.014484677339329444,0,0,0,0,0,0
656_1AHW.A,0.0,0.0,0.0008,0,1AHW.A,0.0,0.028300395927610807,-0.017274009648143976,0,0,0,0,0,0
657_1AHW.A,0.0,0.01,0.00124,0,1AHW.A,0.0,0.028835485751281104,-0.014463584330194748,0,0,0,0,0,0
658_1AHW.A,0.0,0.0,0.00027,0,1AHW.A,0.0,0.028286946583462563,-0.0173397702060345,0,0,0,0,0,0
659_1AHW.A,0.0,0.0,0.0012,0,1AHW.A,0.0,0.02831055048675919,-0.017224379038415276,0,0,0,0,0,0
660_1AHW.A,0.0,0.01,0.00231,0,1AHW.A,0.0,0.028863155605139558,-0.014330822449170484,0,0,0,0,0,0
661_1AHW.A,0.0,0.01,0.0032,0,1AHW.A,0.0,0.028886190341700205,-0.014220394342524133,0,0,0,0,0,0
662_1AHW.A,0.0,0.02,0.00338,0,1AHW.A,0.0,0.02942516616588424,-0.011442228920898561,0,0,0,0,0,0
663_1AHW.A,0.0,0.03,0.00173,0,1AHW.A,0.0,0.029924816125025587,-0.008891123538781779,0,0,0,0,0,0
664_1AHW.A,0.0,0.11,0.00369,0,1AHW.A,0.0,0.034694250158508196,0.013398719626870104,0,0,0,0,0,0
665_1AHW.A,0.0,0.02,0.0028,0,1AHW.A,0.0,0.029409881095194153,-0.011514193305005173,0,0,0,0,0,0
666_1AHW.A,0.0,0.03,0.00111,0,1AHW.A,0.0,0.029908208303773717,-0.008968050983861258,0,0,0,0,0,0
667_1AHW.A,0.0,0.08,0.00071,0,1AHW.A,0.0,0.032759679618079164,0.004761476642648338,0,0,0,0,0,0
668_1AHW.A,0.0,0.0,0.00027,0,1AHW.A,0.0,0.028286946583462563,-0.0173397702060345,0,0,0,0,0,0
669_1AHW.A,0.0,0.11,0.00062,0,1AHW.A,0.0,0.034599476170103005,0.013017804697202356,0,0,0,0,0,0
670_1AHW.A,0.0,0.0,0.00031,0,1AHW.A,0.0,0.028287961411769334,-0.01733480714506163,0,0,0,0,0,0
671_1AHW.A,0.0,0.28,0.00725,0,1AHW.A,0.0,0.04734920366618747,0.06068957005666572,0,0,0,0,0,0
672_1AHW.A,0.0,0.04,0.00996,0,1AHW.A,0.0,0.03070291627367579,-0.005114142096366176,0,0,0,0,0,0
673_1AHW.A,0.0,0.06,0.01769,0,1AHW.A,0.0,0.0320672496069287,0.001356632731136214,0,0,0,0,0,0
674_1AHW.A,0.0,0.03,0.02192,0,1AHW.A,0.0,0.03047055214663797,-0.006386018512725789,0,0,0,0,0,0
675_1AHW.A,0.0,0.26,0.01445,0,1AHW.A,0.0,0.04596569860469127,0.05607125773728693,0,0,0,0,0,0
676_1AHW.A,0.0,0.03,0.01334,0,1AHW.A,0.0,0.030237466570729486,-0.007450595091406343,0,0,0,0,0,0
677_1AHW.A,0.0,0.01,0.01045,0,1AHW.A,0.0,0.02907449843958654,-0.013320839541191497,0,0,0,0,0,0
678_1AHW.A,0.0,0.01,0.00182,0,1AHW.A,0.0,0.028850481167605694,-0.014391619946088138,0,0,0,0,0,0
679_1AHW.A,0.0,0.05,0.0108,0,1AHW.A,0.0,0.031293159301949966,-0.0022540861686882532,0,0,0,0,0,0
680_1AHW.A,0.0,0.0,0.0004,0,1AHW.A,0.0,0.02829024490470339,-0.017323640257872672,0,0,0,0,0,0
681_1AHW.A,0.0,0.0,0.00027,0,1AHW.A,0.0,0.028286946583462563,-0.0173397702060345,0,0,0,0,0,0
682_1AHW.A,0.0,0.0,0.0,0,1AHW.A,0.0,0.028280097416881558,-0.01737327086760137,0,0,0,0,0,0
683_1AHW.A,0.0,0.0,4e-05,0,1AHW.A,0.0,0.028281112006617808,-0.0173683078066285,0,0,0,0,0,0
684_1AHW.A,0.0,0.0,0.0,0,1AHW.A,0.0,0.028280097416881558,-0.01737327086760137,0,0,0,0,0,0
685_1AHW.A,0.0,0.0,0.00027,0,1AHW.A,0.0,0.028286946583462563,-0.0173397702060345,0,0,0,0,0,0
686_1AHW.A,0.0,0.01,0.00084,0,1AHW.A,0.0,0.02882514849143156,-0.014513214939923446,0,0,0,0,0,0
687_1AHW.A,0.0,0.0,0.00071,0,1AHW.A,0.0,0.028298111639181774,-0.01728517653533293,0,0,0,0,0,0
688_1AHW.A,0.0,0.01,0.00196,0,1AHW.A,0.0,0.028854101884322112,-0.014374249232683094,0,0,0,0,0,0
689_1AHW.A,0.0,0.01,0.00636,0,1AHW.A,0.0,0.028968120775012696,-0.013828312525667425,0,0,0,0,0,0
690_1AHW.A,0.0,0.01,0.00498,0,1AHW.A,0.0,0.02893231333583423,-0.01399953812923143,0,0,0,0,0,0
691_1AHW.A,0.0,0.01,0.00124,0,1AHW.A,0.0,0.028835485751281104,-0.014463584330194748,0,0,0,0,0,0
692_1AHW.A,0.0,0.01,0.01014,0,1AHW.A,0.0,0.029066422329585468,-0.013359303263731238,0,0,0,0,0,0
693_1AHW.A,0.0,0.01,0.00974,0,1AHW.A,0.0,0.02905600475800066,-0.013408933873459934,0,0,0,0,0,0
694_1AHW.A,0.0,0.01,0.00702,0,1AHW.A,0.0,0.028985261266817483,-0.013746422019615075,0,0,0,0,0,0
695_1AHW.A,0.0,0.01,0.00382,0,1AHW.A,0.0,0.028902247551730955,-0.014143466897444652,0,0,0,0,0,0
696_1AHW.A,0.0,0.01,0.00262,0,1AHW.A,0.0,0.02887117691684069,-0.014292358726630743,0,0,0,0,0,0
697_1AHW.A,0.0,0.0,0.00076,0,1AHW.A,0.0,0.028299380666208285,-0.017278972709116845,0,0,0,0,0,0
698_1AHW.A,0.0,0.01,0.00022,0,1AHW.A,0.0,0.02880913284456028,-0.014590142385002927,0,0,0,0,0,0
699_1AHW.A,0.0,0.0,0.0,0,1AHW.A,0.0,0.028280097416881558,-0.01737327086760137,0,0,0,0,0,0
700_1AHW.A,0.0,0.0,0.0004,0,1AHW.A,0.0,0.02829024490470339,-0.017323640257872672,0,0,0,0,0,0
701_1AHW.A,0.0,0.0,0.0,0,1AHW.A,0.0,0.028280097416881558,-0.01737327086760137,0,0,0,0,0,0
702_1AHW.A,0.0,0.01,0.00027,0,1AHW.A,0.0,0.02881042410883252,-0.01458393855878684,0,0,0,0,0,0
703_1AHW.A,0.0,0.0,0.00022,0,1AHW.A,0.0,0.02828567809778582,-0.017345974032250584,0,0,0,0,0,0
704_1AHW.A,0.0,0.01,0.00227,0,1AHW.A,0.0,0.02886212075469715,-0.014335785510143355,0,0,0,0,0,0
705_1AHW.A,0.0,0.01,0.00258,0,1AHW.A,0.0,0.02887014178735434,-0.014297321787603614,0,0,0,0,0,0
706_1AHW.A,0.0,0.01,0.00342,0,1AHW.A,0.0,0.028891887070397332,-0.01419309750717335,0,0,0,0,0,0
707_1AHW.A,0.0,0.01,0.00413,0,1AHW.A,0.0,0.02891027940399468,-0.014105003174904911,0,0,0,0,0,0
708_1AHW.A,0.0,0.01,0.00222,0,1AHW.A,0.0,0.02886082724226975,-0.014341989336359441,0,0,0,0,0,0
709_1AHW.A,0.0,0.01,0.00227,0,1AHW.A,0.0,0.02886212075469715,-0.014335785510143355,0,0,0,0,0,0
710_1AHW.A,0.0,0.01,0.0012,0,1AHW.A,0.0,0.028834451863448993,-0.01446854739116762,0,0,0,0,0,0
711_1AHW.A,0.0,0.01,0.0012,0,1AHW.A,0.0,0.028834451863448993,-0.01446854739116762,0,0,0,0,0,0
712_1AHW.A,0.0,0.01,0.00156,0,1AHW.A,0.0,0.028843758148968394,-0.014423879842411792,0,0,0,0,0,0
713_1AHW.A,0.0,0.01,0.00467,0,1AHW.A,0.0,0.02892427554443493,-0.01403800185177117,0,0,0,0,0,0
714_1AHW.A,0.0,0.02,0.00645,0,1AHW.A,0.0,0.029506200007838577,-0.011061313991230809,0,0,0,0,0,0
